Date,Close,,,,,,,,,,,,,,,,,,,,,,,
3/03/2015,32.34,,,,,,,,,,,,,,,,,,,,,,,
4/03/2015,32.14,,,,,,,,,,,,,,,,,,,,,,,
5/03/2015,31.6,,,,,,,,,,,,,,,,,,,,,,,
6/03/2015,31.65,,,,,,,,,,,,,,,,,,,,,,,
9/03/2015,31.79,,,,,,,,,,,,,,,,,,,,,,,
10/03/2015,31.13,,,,,,,,,,,,,,,,,,,,,,,
11/03/2015,30.56,,,,,,,,,,,,,,,,,,,,,,,
12/03/2015,31.11,,,,,,,,,,,,,,,,,,,,,,,
13/03/2015,30.9,,,,,,,,,,,,,,,,,,,,,,,
16/03/2015,31.24,,,,,,,,,,,,,,,,,,,,,,,
17/03/2015,31.76,,,,,,,,,,,,,,,,,,,,,,,
18/03/2015,32.12,,,,,,,,,,,,,,,,,,,,,,,
19/03/2015,31.87,,,,,,,,,,,,,,,,,,,,,,,
20/03/2015,31.48,,,,,,,,,,,,,,,,,,,,,,,
23/03/2015,31.8,,,,,,,,,,,,,,,,,,,,,,,
24/03/2015,31.67,,,,,,,,,,,,,,,,,,,,,,,
25/03/2015,30.85,,,,,,,,,,,,,,,,,,,,,,,
26/03/2015,31.06,,,,,,,,,,,,,,,,,,,,,,,
27/03/2015,30.81,,,,,,,,,,,,,,,,,,,,,,,
30/03/2015,31.59,,,,,,,,,,,,,,,,,,,,,,,
31/03/2015,31.11,,,,,,,,,,,,,,,,,,,,,,,
1/04/2015,31.06,,,,,,,,,,,,,,,,,,,,,,,
2/04/2015,31.33,,,,,,,,,,,,,,,,,,,,,,,
6/04/2015,31.84,,,,,,,,,,,,,,,,,,,,,,,
7/04/2015,31.5,,,,,,,,,,,,,,,,,,,,,,,
8/04/2015,31.4,,,,,,,,,,,,,,,,,,,,,,,
9/04/2015,31.64,,,,,,,,,,,,,,,,,,,,,,,
10/04/2015,31.78,,,,,,,,,,,,,,,,,,,,,,,
13/04/2015,31.71,,,,,,,,,,,,,,,,,,,,,,,
14/04/2015,31.58,,,,,,,,,,,,,,,,,,,,,,,
15/04/2015,31.7,,,,,,,,,,,,,,,,,,,,,,,
16/04/2015,31.54,,,,,,,,,,,,,,,,,,,,,,,
17/04/2015,31.19,,,,,,,,,,,,,,,,,,,,,,,
20/04/2015,31.9,,,,,,,,,,,,,,,,,,,,,,,
21/04/2015,31.73,,,,,,,,,,,,,,,,,,,,,,,
22/04/2015,32.16,,,,,,,,,,,,,,,,,,,,,,,
23/04/2015,32.42,,,,,,,,,,,,,,,,,,,,,,,
24/04/2015,32.57,,,,,,,,,,,,,,,,,,,,,,,
27/04/2015,33.16,,,,,,,,,,,,,,,,,,,,,,,
28/04/2015,32.64,,,,,,,,,,,,,,,,,,,,,,,
29/04/2015,32.16,,,,,,,,,,,,,,,,,,,,,,,
30/04/2015,31.29,,,,,,,,,,,,,,,,,,,,,,,
1/05/2015,32.24,,,,,,,,,,,,,,,,,,,,,,,
4/05/2015,32.17,,,,,,,,,,,,,,,,,,,,,,,
5/05/2015,31.45,,,,,,,,,,,,,,,,,,,,,,,
6/05/2015,31.25,,,,,,,,,,,,,,,,,,,,,,,
7/05/2015,31.32,,,,,,,,,,,,,,,,,,,,,,,
8/05/2015,31.91,,,,,,,,,,,,,,,,,,,,,,,
11/05/2015,31.58,,,,,,,,,,,,,,,,,,,,,,,
12/05/2015,31.47,,,,,,,,,,,,,,,,,,,,,,,
13/05/2015,31.5,,,,,,,,,,,,,,,,,,,,,,,
14/05/2015,32.24,,,,,,,,,,,,,,,,,,,,,,,
15/05/2015,32.19,,,,,,,,,,,,,,,,,,,,,,,
18/05/2015,32.55,,,,,,,,,,,,,,,,,,,,,,,
19/05/2015,32.52,,,,,,,,,,,,,,,,,,,,,,,
20/05/2015,32.52,,,,,,,,,,,,,,,,,,,,,,,
21/05/2015,32.85,,,,,,,,,,,,,,,,,,,,,,,
22/05/2015,33.14,,,,,,,,,,,,,,,,,,,,,,,
26/05/2015,32.41,,,,,,,,,,,,,,,,,,,,,,,
27/05/2015,33.01,,,,,,,,,,,,,,,,,,,,,,,
28/05/2015,32.95,,,,,,,,,,,,,,,,,,,,,,,
29/05/2015,32.57,,,,,,,,,,,,,,,,,,,,,,,
1/06/2015,32.63,,,,,,,,,,,,,,,,,,,,,,,
2/06/2015,32.49,,,,,,,,,,,,,,,,,,,,,,,
3/06/2015,32.53,,,,,,,,,,,,,,,,,,,,,,,
4/06/2015,32.34,,,,,,,,,,,,,,,,,,,,,,,
5/06/2015,32.16,,,,,,,,,,,,,,,,,,,,,,,
8/06/2015,31.95,,,,,,,,,,,,,,,,,,,,,,,
9/06/2015,31.86,,,,,,,,,,,,,,,,,,,,,,,
10/06/2015,32.22,,,,,,,,,,,,,,,,,,,,,,,
11/06/2015,32.15,,,,,,,,,,,,,,,,,,,,,,,
12/06/2015,31.79,,,,,,,,,,,,,,,,,,,,,,,
15/06/2015,31.73,,,,,,,,,,,,,,,,,,,,,,,
16/06/2015,31.9,,,,,,,,,,,,,,,,,,,,,,,
17/06/2015,31.83,,,,,,,,,,,,,,,,,,,,,,,
18/06/2015,31.97,,,,,,,,,,,,,,,,,,,,,,,
19/06/2015,31.65,,,,,,,,,,,,,,,,,,,,,,,
22/06/2015,31.9,,,,,,,,,,,,,,,,,,,,,,,
23/06/2015,31.76,,,,,,,,,,,,,,,,,,,,,,,
24/06/2015,32.03,,,,,,,,,,,,,,,,,,,,,,,
25/06/2015,31.88,,,,,,,,,,,,,,,,,,,,,,,
26/06/2015,31.69,,,,,,,,,,,,,,,,,,,,,,,
29/06/2015,31.13,,,,,,,,,,,,,,,,,,,,,,,
30/06/2015,31.36,,,,,,,,,,,,,,,,,,,,,,,
1/07/2015,31.65,,,,,,,,,,,,,,,,,,,,,,,
2/07/2015,31.61,,,,,,,,,,,,,,,,,,,,,,,
6/07/2015,31.5,,,,,,,,,,,,,,,,,,,,,,,
7/07/2015,31.42,,,,,,,,,,,,,,,,,,,,,,,
8/07/2015,30.64,,,,,,,,,,,,,,,,,,,,,,,
9/07/2015,30.02,,,,,,,,,,,,,,,,,,,,,,,
10/07/2015,30.82,,,,,,,,,,,,,,,,,,,,,,,
13/07/2015,31.42,,,,,,,,,,,,,,,,,,,,,,,
14/07/2015,31.4,,,,,,,,,,,,,,,,,,,,,,,
15/07/2015,31.71,,,,,,,,,,,,,,,,,,,,,,,
16/07/2015,32.13,,,,,,,,,,,,,,,,,,,,,,,
17/07/2015,32.41,,,,,,,,,,,,,,,,,,,,,,,
20/07/2015,33.02,,,,,,,,,,,,,,,,,,,,,,,
21/07/2015,32.69,,,,,,,,,,,,,,,,,,,,,,,
22/07/2015,31.31,,,,,,,,,,,,,,,,,,,,,,,
23/07/2015,31.29,,,,,,,,,,,,,,,,,,,,,,,
24/07/2015,31.13,,,,,,,,,,,,,,,,,,,,,,,
27/07/2015,30.69,,,,,,,,,,,,,,,,,,,,,,,
28/07/2015,30.85,,,,,,,,,,,,,,,,,,,,,,,
29/07/2015,30.75,,,,,,,,,,,,,,,,,,,,,,,
30/07/2015,30.59,,,,,,,,,,,,,,,,,,,,,,,
31/07/2015,30.33,,,,,,,,,,,,,,,,,,,,,,,
3/08/2015,29.61,,,,,,,,,,,,,,,,,,,,,,,
4/08/2015,28.66,,,,,,,,,,,,,,,,,,,,,,,
5/08/2015,28.85,,,,,,,,,,,,,,,,,,,,,,,
6/08/2015,28.78,,,,,,,,,,,,,,,,,,,,,,,
7/08/2015,28.88,,,,,,,,,,,,,,,,,,,,,,,
10/08/2015,29.93,,,,,,,,,,,,,,,,,,,,,,,
11/08/2015,28.37,,,,,,,,,,,,,,,,,,,,,,,
12/08/2015,28.81,,,,,,,,,,,,,,,,,,,,,,,
13/08/2015,28.79,,,,,,,,,,,,,,,,,,,,,,,
14/08/2015,28.99,,,,,,,,,,,,,,,,,,,,,,,
17/08/2015,29.29,,,,,,,,,,,,,,,,,,,,,,,
18/08/2015,29.13,,,,,,,,,,,,,,,,,,,,,,,
19/08/2015,28.75,,,,,,,,,,,,,,,,,,,,,,,
20/08/2015,28.16,,,,,,,,,,,,,,,,,,,,,,,
21/08/2015,26.44,,,,,,,,,,,,,,,,,,,,,,,
24/08/2015,25.78,,,,,,,,,,,,,,,,,,,,,,,
25/08/2015,25.94,,,,,,,,,,,,,,,,,,,,,,,
26/08/2015,27.42,,,,,,,,,,,,,,,,,,,,,,,
27/08/2015,28.23,,,,,,,,,,,,,,,,,,,,,,,
28/08/2015,28.32,,,,,,,,,,,,,,,,,,,,,,,
31/08/2015,28.19,,,,,,,,,,,,,,,,,,,,,,,
1/09/2015,26.93,,,,,,,,,,,,,,,,,,,,,,,
2/09/2015,28.09,,,,,,,,,,,,,,,,,,,,,,,
3/09/2015,27.59,,,,,,,,,,,,,,,,,,,,,,,
4/09/2015,27.32,,,,,,,,,,,,,,,,,,,,,,,
8/09/2015,28.08,,,,,,,,,,,,,,,,,,,,,,,
9/09/2015,27.54,,,,,,,,,,,,,,,,,,,,,,,
10/09/2015,28.14,,,,,,,,,,,,,,,,,,,,,,,
11/09/2015,28.55,,,,,,,,,,,,,,,,,,,,,,,
14/09/2015,28.83,,,,,,,,,,,,,,,,,,,,,,,
15/09/2015,29.07,,,,,,,,,,,,,,,,,,,,,,,
16/09/2015,29.1,,,,,,,,,,,,,,,,,,,,,,,
17/09/2015,28.48,,,,,,,,,,,,,,,,,,,,,,,
18/09/2015,28.36,,,,,,,,,,,,,,,,,,,,,,,
21/09/2015,28.8,,,,,,,,,,,,,,,,,,,,,,,
22/09/2015,28.35,,,,,,,,,,,,,,,,,,,,,,,
23/09/2015,28.58,,,,,,,,,,,,,,,,,,,,,,,
24/09/2015,28.75,,,,,,,,,,,,,,,,,,,,,,,
25/09/2015,28.68,,,,,,,,,,,,,,,,,,,,,,,
28/09/2015,28.11,,,,,,,,,,,,,,,,,,,,,,,
29/09/2015,27.27,,,,,,,,,,,,,,,,,,,,,,,
30/09/2015,27.58,,,,,,,,,,,,,,,,,,,,,,,
1/10/2015,27.4,,,,,,,,,,,,,,,,,,,,,,,
2/10/2015,27.6,,,,,,,,,,,,,,,,,,,,,,,
5/10/2015,27.7,,,,,,,,,,,,,,,,,,,,,,,
6/10/2015,27.83,,,,,,,,,,,,,,,,,,,,,,,
7/10/2015,27.7,,,,,,,,,,,,,,,,,,,,,,,
8/10/2015,27.38,,,,,,,,,,,,,,,,,,,,,,,
9/10/2015,28.03,,,,,,,,,,,,,,,,,,,,,,,
12/10/2015,27.9,,,,,,,,,,,,,,,,,,,,,,,
13/10/2015,27.95,,,,,,,,,,,,,,,,,,,,,,,
14/10/2015,27.55,,,,,,,,,,,,,,,,,,,,,,,
15/10/2015,27.97,,,,,,,,,,,,,,,,,,,,,,,
16/10/2015,27.76,,,,,,,,,,,,,,,,,,,,,,,
19/10/2015,27.93,,,,,,,,,,,,,,,,,,,,,,,
20/10/2015,28.44,,,,,,,,,,,,,,,,,,,,,,,
21/10/2015,28.44,,,,,,,,,,,,,,,,,,,,,,,
22/10/2015,28.88,,,,,,,,,,,,,,,,,,,,,,,
23/10/2015,29.77,,,,,,,,,,,,,,,,,,,,,,,
26/10/2015,28.82,,,,,,,,,,,,,,,,,,,,,,,
27/10/2015,28.64,,,,,,,,,,,,,,,,,,,,,,,
28/10/2015,29.82,,,,,,,,,,,,,,,,,,,,,,,
29/10/2015,30.13,,,,,,,,,,,,,,,,,,,,,,,
30/10/2015,29.88,,,,,,,,,,,,,,,,,,,,,,,
2/11/2015,30.3,,,,,,,,,,,,,,,,,,,,,,,
3/11/2015,30.64,,,,,,,,,,,,,,,,,,,,,,,
4/11/2015,30.5,,,,,,,,,,,,,,,,,,,,,,,
5/11/2015,30.23,,,,,,,,,,,,,,,,,,,,,,,
6/11/2015,30.27,,,,,,,,,,,,,,,,,,,,,,,
9/11/2015,30.14,,,,,,,,,,,,,,,,,,,,,,,
10/11/2015,29.19,,,,,,,,,,,,,,,,,,,,,,,
11/11/2015,29.03,,,,,,,,,,,,,,,,,,,,,,,
12/11/2015,28.93,,,,,,,,,,,,,,,,,,,,,,,
13/11/2015,28.09,,,,,,,,,,,,,,,,,,,,,,,
16/11/2015,28.54,,,,,,,,,,,,,,,,,,,,,,,
17/11/2015,28.42,,,,,,,,,,,,,,,,,,,,,,,
18/11/2015,29.32,,,,,,,,,,,,,,,,,,,,,,,
19/11/2015,29.7,,,,,,,,,,,,,,,,,,,,,,,
20/11/2015,29.83,,,,,,,,,,,,,,,,,,,,,,,
23/11/2015,29.44,,,,,,,,,,,,,,,,,,,,,,,
24/11/2015,29.72,,,,,,,,,,,,,,,,,,,,,,,
25/11/2015,29.51,,,,,,,,,,,,,,,,,,,,,,,
27/11/2015,29.45,,,,,,,,,,,,,,,,,,,,,,,
30/11/2015,29.58,,,,,,,,,,,,,,,,,,,,,,,
1/12/2015,29.34,,,,,,,,,,,,,,,,,,,,,,,
2/12/2015,29.07,,,,,,,,,,,,,,,,,,,,,,,
3/12/2015,28.8,,,,,,,,,,,,,,,,,,,,,,,
4/12/2015,29.76,,,,,,,,,,,,,,,,,,,,,,,
7/12/2015,29.57,,,,,,,,,,,,,,,,,,,,,,,
8/12/2015,29.56,,,,,,,,,,,,,,,,,,,,,,,
9/12/2015,28.91,,,,,,,,,,,,,,,,,,,,,,,
10/12/2015,29.04,,,,,,,,,,,,,,,,,,,,,,,
11/12/2015,28.3,,,,,,,,,,,,,,,,,,,,,,,
14/12/2015,28.12,,,,,,,,,,,,,,,,,,,,,,,
15/12/2015,27.62,,,,,,,,,,,,,,,,,,,,,,,
16/12/2015,27.84,,,,,,,,,,,,,,,,,,,,,,,
17/12/2015,27.25,,,,,,,,,,,,,,,,,,,,,,,
18/12/2015,26.51,,,,,,,,,,,,,,,,,,,,,,,
21/12/2015,26.83,,,,,,,,,,,,,,,,,,,,,,,
22/12/2015,26.81,,,,,,,,,,,,,,,,,,,,,,,
23/12/2015,27.15,,,,,,,,,,,,,,,,,,,,,,,
24/12/2015,27.01,,,,,,,,,,,,,,,,,,,,,,,
28/12/2015,26.71,,,,,,,,,,,,,,,,,,,,,,,
29/12/2015,27.19,,,,,,,,,,,,,,,,,,,,,,,
30/12/2015,26.83,,,,,,,,,,,,,,,,,,,,,,,
31/12/2015,26.32,,,,,,,,,,,,,,,,,,,,,,,
4/01/2016,26.34,,,,,,,,,,,,,,,,,,,,,,,
5/01/2016,25.68,,,,,,,,,,,,,,,,,,,,,,,
6/01/2016,25.18,,,,,,,,,,,,,,,,,,,,,,,
7/01/2016,24.11,,,,,,,,,,,,,,,,,,,,,,,
8/01/2016,24.24,,,,,,,,,,,,,,,,,,,,,,,
11/01/2016,24.63,,,,,,,,,,,,,,,,,,,,,,,
12/01/2016,24.99,,,,,,,,,,,,,,,,,,,,,,,
13/01/2016,24.35,,,,,,,,,,,,,,,,,,,,,,,
14/01/2016,24.88,,,,,,,,,,,,,,,,,,,,,,,
15/01/2016,24.28,,,,,,,,,,,,,,,,,,,,,,,
19/01/2016,24.17,,,,,,,,,,,,,,,,,,,,,,,
20/01/2016,24.2,,,,,,,,,,,,,,,,,,,,,,,
21/01/2016,24.08,,,,,,,,,,,,,,,,,,,,,,,
22/01/2016,25.36,,,,,,,,,,,,,,,,,,,,,,,
25/01/2016,24.86,,,,,,,,,,,,,,,,,,,,,,,
26/01/2016,25,,,,,,,,,,,,,,,,,,,,,,,
27/01/2016,23.36,,,,,,,,,,,,,,,,,,,,,,,
28/01/2016,23.52,,,,,,,,,,,,,,,,,,,,,,,
29/01/2016,24.34,,,,,,,,,,,,,,,,,,,,,,,
1/02/2016,24.11,,,,,,,,,,,,,,,,,,,,,,,
2/02/2016,23.62,,,,,,,,,,,,,,,,,,,,,,,
3/02/2016,24.09,,,,,,,,,,,,,,,,,,,,,,,
4/02/2016,24.15,,,,,,,,,,,,,,,,,,,,,,,
5/02/2016,23.51,,,,,,,,,,,,,,,,,,,,,,,
8/02/2016,23.75,,,,,,,,,,,,,,,,,,,,,,,
9/02/2016,23.75,,,,,,,,,,,,,,,,,,,,,,,
10/02/2016,23.57,,,,,,,,,,,,,,,,,,,,,,,
11/02/2016,23.43,,,,,,,,,,,,,,,,,,,,,,,
12/02/2016,23.5,,,,,,,,,,,,,,,,,,,,,,,
16/02/2016,24.16,,,,,,,,,,,,,,,,,,,,,,,
17/02/2016,24.53,,,,,,,,,,,,,,,,,,,,,,,
18/02/2016,24.07,,,,,,,,,,,,,,,,,,,,,,,
19/02/2016,24.01,,,,,,,,,,,,,,,,,,,,,,,
22/02/2016,24.22,,,,,,,,,,,,,,,,,,,,,,,
23/02/2016,23.67,,,,,,,,,,,,,,,,,,,,,,,
24/02/2016,24.03,,,,,,,,,,,,,,,,,,,,,,,
25/02/2016,24.19,,,,,,,,,,,,,,,,,,,,,,,
26/02/2016,24.23,,,,,,,,,,,,,,,,,,,,,,,
29/02/2016,24.17,,,,,,,,,,,,,,,,,,,,,,,
1/03/2016,25.13,,,,,,,,,,,,,,,,,,,,,,,
2/03/2016,25.19,,,,,,,,,,,,,,,,,,,,,,,
3/03/2016,25.38,,,,,,,,,,,,,,,,,,,,,,,
4/03/2016,25.75,,,,,,,,,,,,,,,,,,,,,,,
7/03/2016,25.47,,,,,,,,,,,,,,,,,,,,,,,
8/03/2016,25.26,,,,,,,,,,,,,,,,,,,,,,,
9/03/2016,25.28,,,,,,,,,,,,,,,,,,,,,,,
10/03/2016,25.29,,,,,,,,,,,,,,,,,,,,,,,
11/03/2016,25.57,,,,,,,,,,,,,,,,,,,,,,,
14/03/2016,25.63,,,,,,,,,,,,,,,,,,,,,,,
15/03/2016,26.15,,,,,,,,,,,,,,,,,,,,,,,
16/03/2016,26.49,,,,,,,,,,,,,,,,,,,,,,,
17/03/2016,26.45,,,,,,,,,,,,,,,,,,,,,,,
18/03/2016,26.48,,,,,,,,,,,,,,,,,,,,,,,
21/03/2016,26.48,,,,,,,,,,,,,,,,,,,,,,,
22/03/2016,26.68,,,,,,,,,,,,,,,,,,,,,,,
23/03/2016,26.53,,,,,,,,,,,,,,,,,,,,,,,
24/03/2016,26.42,,,,,,,,,,,,,,,,,,,,,,,
28/03/2016,26.3,,,,,,,,,,,,,,,,,,,,,,,
29/03/2016,26.92,,,,,,,,,,,,,,,,,,,,,,,
30/03/2016,27.39,,,,,,,,,,,,,,,,,,,,,,,
31/03/2016,27.25,,,,,,,,,,,,,,,,,,,,,,,
1/04/2016,27.5,,,,,,,,,,,,,,,,,,,,,,,
4/04/2016,27.78,,,,,,,,,,,,,,,,,,,,,,,
5/04/2016,27.45,,,,,,,,,,,,,,,,,,,,,,,
6/04/2016,27.74,,,,,,,,,,,,,,,,,,,,,,,
7/04/2016,27.14,,,,,,,,,,,,,,,,,,,,,,,
8/04/2016,27.17,,,,,,,,,,,,,,,,,,,,,,,
11/04/2016,27.26,,,,,,,,,,,,,,,,,,,,,,,
12/04/2016,27.61,,,,,,,,,,,,,,,,,,,,,,,
13/04/2016,28.01,,,,,,,,,,,,,,,,,,,,,,,
14/04/2016,28.03,,,,,,,,,,,,,,,,,,,,,,,
15/04/2016,27.46,,,,,,,,,,,,,,,,,,,,,,,
18/04/2016,26.87,,,,,,,,,,,,,,,,,,,,,,,
19/04/2016,26.73,,,,,,,,,,,,,,,,,,,,,,,
20/04/2016,26.78,,,,,,,,,,,,,,,,,,,,,,,
21/04/2016,26.49,,,,,,,,,,,,,,,,,,,,,,,
22/04/2016,26.42,,,,,,,,,,,,,,,,,,,,,,,
25/04/2016,26.27,,,,,,,,,,,,,,,,,,,,,,,
26/04/2016,26.09,,,,,,,,,,,,,,,,,,,,,,,
27/04/2016,24.46,,,,,,,,,,,,,,,,,,,,,,,
28/04/2016,23.71,,,,,,,,,,,,,,,,,,,,,,,
29/04/2016,23.44,,,,,,,,,,,,,,,,,,,,,,,
2/05/2016,23.41,,,,,,,,,,,,,,,,,,,,,,,
3/05/2016,23.8,,,,,,,,,,,,,,,,,,,,,,,
4/05/2016,23.55,,,,,,,,,,,,,,,,,,,,,,,
5/05/2016,23.31,,,,,,,,,,,,,,,,,,,,,,,
6/05/2016,23.18,,,,,,,,,,,,,,,,,,,,,,,
9/05/2016,23.2,,,,,,,,,,,,,,,,,,,,,,,
10/05/2016,23.36,,,,,,,,,,,,,,,,,,,,,,,
11/05/2016,23.13,,,,,,,,,,,,,,,,,,,,,,,
12/05/2016,22.59,,,,,,,,,,,,,,,,,,,,,,,
13/05/2016,22.63,,,,,,,,,,,,,,,,,,,,,,,
16/05/2016,23.47,,,,,,,,,,,,,,,,,,,,,,,
17/05/2016,23.37,,,,,,,,,,,,,,,,,,,,,,,
18/05/2016,23.64,,,,,,,,,,,,,,,,,,,,,,,
19/05/2016,23.55,,,,,,,,,,,,,,,,,,,,,,,
20/05/2016,23.81,,,,,,,,,,,,,,,,,,,,,,,
23/05/2016,24.11,,,,,,,,,,,,,,,,,,,,,,,
24/05/2016,24.48,,,,,,,,,,,,,,,,,,,,,,,
25/05/2016,24.91,,,,,,,,,,,,,,,,,,,,,,,
26/05/2016,25.1,,,,,,,,,,,,,,,,,,,,,,,
27/05/2016,25.09,,,,,,,,,,,,,,,,,,,,,,,
31/05/2016,24.97,,,,,,,,,,,,,,,,,,,,,,,
1/06/2016,24.62,,,,,,,,,,,,,,,,,,,,,,,
2/06/2016,24.43,,,,,,,,,,,,,,,,,,,,,,,
3/06/2016,24.48,,,,,,,,,,,,,,,,,,,,,,,
6/06/2016,24.66,,,,,,,,,,,,,,,,,,,,,,,
7/06/2016,24.76,,,,,,,,,,,,,,,,,,,,,,,
8/06/2016,24.74,,,,,,,,,,,,,,,,,,,,,,,
9/06/2016,24.91,,,,,,,,,,,,,,,,,,,,,,,
10/06/2016,24.71,,,,,,,,,,,,,,,,,,,,,,,
13/06/2016,24.34,,,,,,,,,,,,,,,,,,,,,,,
14/06/2016,24.37,,,,,,,,,,,,,,,,,,,,,,,
15/06/2016,24.29,,,,,,,,,,,,,,,,,,,,,,,
16/06/2016,24.39,,,,,,,,,,,,,,,,,,,,,,,
17/06/2016,23.83,,,,,,,,,,,,,,,,,,,,,,,
20/06/2016,23.78,,,,,,,,,,,,,,,,,,,,,,,
21/06/2016,23.98,,,,,,,,,,,,,,,,,,,,,,,
22/06/2016,23.89,,,,,,,,,,,,,,,,,,,,,,,
23/06/2016,24.03,,,,,,,,,,,,,,,,,,,,,,,
24/06/2016,23.35,,,,,,,,,,,,,,,,,,,,,,,
27/06/2016,23.01,,,,,,,,,,,,,,,,,,,,,,,
28/06/2016,23.4,,,,,,,,,,,,,,,,,,,,,,,
29/06/2016,23.6,,,,,,,,,,,,,,,,,,,,,,,
30/06/2016,23.9,,,,,,,,,,,,,,,,,,,,,,,
1/07/2016,23.97,,,,,,,,,,,,,,,,,,,,,,,
5/07/2016,23.75,,,,,,,,,,,,,,,,,,,,,,,
6/07/2016,23.88,,,,,,,,,,,,,,,,,,,,,,,
7/07/2016,23.99,,,,,,,,,,,,,,,,,,,,,,,
8/07/2016,24.17,,,,,,,,,,,,,,,,,,,,,,,
11/07/2016,24.25,,,,,,,,,,,,,,,,,,,,,,,
12/07/2016,24.36,,,,,,,,,,,,,,,,,,,,,,,
13/07/2016,24.22,,,,,,,,,,,,,,,,,,,,,,,
14/07/2016,24.7,,,,,,,,,,,,,,,,,,,,,,,
15/07/2016,24.7,,,,,,,,,,,,,,,,,,,,,,,
18/07/2016,24.96,,,,,,,,,,,,,,,,,,,,,,,
19/07/2016,24.97,,,,,,,,,,,,,,,,,,,,,,,
20/07/2016,24.99,,,,,,,,,,,,,,,,,,,,,,,
21/07/2016,24.86,,,,,,,,,,,,,,,,,,,,,,,
22/07/2016,24.67,,,,,,,,,,,,,,,,,,,,,,,
25/07/2016,24.34,,,,,,,,,,,,,,,,,,,,,,,
26/07/2016,24.17,,,,,,,,,,,,,,,,,,,,,,,
27/07/2016,25.74,,,,,,,,,,,,,,,,,,,,,,,
28/07/2016,26.09,,,,,,,,,,,,,,,,,,,,,,,
29/07/2016,26.05,,,,,,,,,,,,,,,,,,,,,,,
1/08/2016,26.51,,,,,,,,,,,,,,,,,,,,,,,
2/08/2016,26.12,,,,,,,,,,,,,,,,,,,,,,,
3/08/2016,26.45,,,,,,,,,,,,,,,,,,,,,,,
4/08/2016,26.47,,,,,,,,,,,,,,,,,,,,,,,
5/08/2016,26.87,,,,,,,,,,,,,,,,,,,,,,,
8/08/2016,27.09,,,,,,,,,,,,,,,,,,,,,,,
9/08/2016,27.2,,,,,,,,,,,,,,,,,,,,,,,
10/08/2016,27,,,,,,,,,,,,,,,,,,,,,,,
11/08/2016,26.98,,,,,,,,,,,,,,,,,,,,,,,
12/08/2016,27.05,,,,,,,,,,,,,,,,,,,,,,,
15/08/2016,27.37,,,,,,,,,,,,,,,,,,,,,,,
16/08/2016,27.35,,,,,,,,,,,,,,,,,,,,,,,
17/08/2016,27.31,,,,,,,,,,,,,,,,,,,,,,,
18/08/2016,27.27,,,,,,,,,,,,,,,,,,,,,,,
19/08/2016,27.34,,,,,,,,,,,,,,,,,,,,,,,
22/08/2016,27.13,,,,,,,,,,,,,,,,,,,,,,,
23/08/2016,27.21,,,,,,,,,,,,,,,,,,,,,,,
24/08/2016,27.01,,,,,,,,,,,,,,,,,,,,,,,
25/08/2016,26.89,,,,,,,,,,,,,,,,,,,,,,,
26/08/2016,26.74,,,,,,,,,,,,,,,,,,,,,,,
29/08/2016,26.71,,,,,,,,,,,,,,,,,,,,,,,
30/08/2016,26.5,,,,,,,,,,,,,,,,,,,,,,,
31/08/2016,26.53,,,,,,,,,,,,,,,,,,,,,,,
1/09/2016,26.68,,,,,,,,,,,,,,,,,,,,,,,
2/09/2016,26.93,,,,,,,,,,,,,,,,,,,,,,,
6/09/2016,26.93,,,,,,,,,,,,,,,,,,,,,,,
7/09/2016,27.09,,,,,,,,,,,,,,,,,,,,,,,
8/09/2016,26.38,,,,,,,,,,,,,,,,,,,,,,,
9/09/2016,25.78,,,,,,,,,,,,,,,,,,,,,,,
12/09/2016,26.36,,,,,,,,,,,,,,,,,,,,,,,
13/09/2016,26.99,,,,,,,,,,,,,,,,,,,,,,,
14/09/2016,27.94,,,,,,,,,,,,,,,,,,,,,,,
15/09/2016,28.89,,,,,,,,,,,,,,,,,,,,,,,
16/09/2016,28.73,,,,,,,,,,,,,,,,,,,,,,,
19/09/2016,28.4,,,,,,,,,,,,,,,,,,,,,,,
20/09/2016,28.39,,,,,,,,,,,,,,,,,,,,,,,
21/09/2016,28.39,,,,,,,,,,,,,,,,,,,,,,,
22/09/2016,28.66,,,,,,,,,,,,,,,,,,,,,,,
23/09/2016,28.18,,,,,,,,,,,,,,,,,,,,,,,
26/09/2016,28.22,,,,,,,,,,,,,,,,,,,,,,,
27/09/2016,28.27,,,,,,,,,,,,,,,,,,,,,,,
28/09/2016,28.49,,,,,,,,,,,,,,,,,,,,,,,
29/09/2016,28.05,,,,,,,,,,,,,,,,,,,,,,,
30/09/2016,28.26,,,,,,,,,,,,,,,,,,,,,,,
3/10/2016,28.13,,,,,,,,,,,,,,,,,,,,,,,
4/10/2016,28.25,,,,,,,,,,,,,,,,,,,,,,,
5/10/2016,28.26,,,,,,,,,,,,,,,,,,,,,,,
6/10/2016,28.47,,,,,,,,,,,,,,,,,,,,,,,
7/10/2016,28.52,,,,,,,,,,,,,,,,,,,,,,,
10/10/2016,29.01,,,,,,,,,,,,,,,,,,,,,,,
11/10/2016,29.08,,,,,,,,,,,,,,,,,,,,,,,
12/10/2016,29.34,,,,,,,,,,,,,,,,,,,,,,,
13/10/2016,29.25,,,,,,,,,,,,,,,,,,,,,,,
14/10/2016,29.41,,,,,,,,,,,,,,,,,,,,,,,
17/10/2016,29.39,,,,,,,,,,,,,,,,,,,,,,,
18/10/2016,29.37,,,,,,,,,,,,,,,,,,,,,,,
19/10/2016,29.28,,,,,,,,,,,,,,,,,,,,,,,
20/10/2016,29.27,,,,,,,,,,,,,,,,,,,,,,,
21/10/2016,29.15,,,,,,,,,,,,,,,,,,,,,,,
24/10/2016,29.41,,,,,,,,,,,,,,,,,,,,,,,
25/10/2016,29.56,,,,,,,,,,,,,,,,,,,,,,,
26/10/2016,28.9,,,,,,,,,,,,,,,,,,,,,,,
27/10/2016,28.62,,,,,,,,,,,,,,,,,,,,,,,
28/10/2016,28.43,,,,,,,,,,,,,,,,,,,,,,,
31/10/2016,28.39,,,,,,,,,,,,,,,,,,,,,,,
1/11/2016,27.87,,,,,,,,,,,,,,,,,,,,,,,
2/11/2016,27.9,,,,,,,,,,,,,,,,,,,,,,,
3/11/2016,27.46,,,,,,,,,,,,,,,,,,,,,,,
4/11/2016,27.21,,,,,,,,,,,,,,,,,,,,,,,
7/11/2016,27.6,,,,,,,,,,,,,,,,,,,,,,,
8/11/2016,27.77,,,,,,,,,,,,,,,,,,,,,,,
9/11/2016,27.72,,,,,,,,,,,,,,,,,,,,,,,
10/11/2016,26.95,,,,,,,,,,,,,,,,,,,,,,,
11/11/2016,27.11,,,,,,,,,,,,,,,,,,,,,,,
14/11/2016,26.43,,,,,,,,,,,,,,,,,,,,,,,
15/11/2016,26.78,,,,,,,,,,,,,,,,,,,,,,,
16/11/2016,27.5,,,,,,,,,,,,,,,,,,,,,,,
17/11/2016,27.49,,,,,,,,,,,,,,,,,,,,,,,
18/11/2016,27.52,,,,,,,,,,,,,,,,,,,,,,,
21/11/2016,27.93,,,,,,,,,,,,,,,,,,,,,,,
22/11/2016,27.95,,,,,,,,,,,,,,,,,,,,,,,
23/11/2016,27.81,,,,,,,,,,,,,,,,,,,,,,,
25/11/2016,27.95,,,,,,,,,,,,,,,,,,,,,,,
28/11/2016,27.89,,,,,,,,,,,,,,,,,,,,,,,
29/11/2016,27.87,,,,,,,,,,,,,,,,,,,,,,,
30/11/2016,27.63,,,,,,,,,,,,,,,,,,,,,,,
1/12/2016,27.37,,,,,,,,,,,,,,,,,,,,,,,
2/12/2016,27.48,,,,,,,,,,,,,,,,,,,,,,,
5/12/2016,27.28,,,,,,,,,,,,,,,,,,,,,,,
6/12/2016,27.49,,,,,,,,,,,,,,,,,,,,,,,
7/12/2016,27.76,,,,,,,,,,,,,,,,,,,,,,,
8/12/2016,28.03,,,,,,,,,,,,,,,,,,,,,,,
9/12/2016,28.49,,,,,,,,,,,,,,,,,,,,,,,
12/12/2016,28.33,,,,,,,,,,,,,,,,,,,,,,,
13/12/2016,28.8,,,,,,,,,,,,,,,,,,,,,,,
14/12/2016,28.8,,,,,,,,,,,,,,,,,,,,,,,
15/12/2016,28.96,,,,,,,,,,,,,,,,,,,,,,,
16/12/2016,28.99,,,,,,,,,,,,,,,,,,,,,,,
19/12/2016,29.16,,,,,,,,,,,,,,,,,,,,,,,
20/12/2016,29.24,,,,,,,,,,,,,,,,,,,,,,,
21/12/2016,29.27,,,,,,,,,,,,,,,,,,,,,,,
22/12/2016,29.07,,,,,,,,,,,,,,,,,,,,,,,
23/12/2016,29.13,,,,,,,,,,,,,,,,,,,,,,,
27/12/2016,29.32,,,,,,,,,,,,,,,,,,,,,,,
28/12/2016,29.19,,,,,,,,,,,,,,,,,,,,,,,
29/12/2016,29.18,,,,,,,,,,,,,,,,,,,,,,,
30/12/2016,28.96,,,,,,,,,,,,,,,,,,,,,,,
3/01/2017,29.04,,,,,,,,,,,,,,,,,,,,,,,
4/01/2017,29.01,,,,,,,,,,,,,,,,,,,,,,,
5/01/2017,29.15,,,,,,,,,,,,,,,,,,,,,,,
6/01/2017,29.48,,,,,,,,,,,,,,,,,,,,,,,
9/01/2017,29.75,,,,,,,,,,,,,,,,,,,,,,,
10/01/2017,29.78,,,,,,,,,,,,,,,,,,,,,,,
11/01/2017,29.94,,,,,,,,,,,,,,,,,,,,,,,
12/01/2017,29.81,,,,,,,,,,,,,,,,,,,,,,,
13/01/2017,29.76,,,,,,,,,,,,,,,,,,,,,,,
17/01/2017,30,,,,,,,,,,,,,,,,,,,,,,,
18/01/2017,30,,,,,,,,,,,,,,,,,,,,,,,
19/01/2017,29.95,,,,,,,,,,,,,,,,,,,,,,,
20/01/2017,30,,,,,,,,,,,,,,,,,,,,,,,
23/01/2017,30.02,,,,,,,,,,,,,,,,,,,,,,,
24/01/2017,29.99,,,,,,,,,,,,,,,,,,,,,,,
25/01/2017,30.47,,,,,,,,,,,,,,,,,,,,,,,
26/01/2017,30.49,,,,,,,,,,,,,,,,,,,,,,,
27/01/2017,30.49,,,,,,,,,,,,,,,,,,,,,,,
30/01/2017,30.41,,,,,,,,,,,,,,,,,,,,,,,
31/01/2017,30.34,,,,,,,,,,,,,,,,,,,,,,,
1/02/2017,32.19,,,,,,,,,,,,,,,,,,,,,,,
2/02/2017,32.13,,,,,,,,,,,,,,,,,,,,,,,
3/02/2017,32.27,,,,,,,,,,,,,,,,,,,,,,,
6/02/2017,32.57,,,,,,,,,,,,,,,,,,,,,,,
7/02/2017,32.88,,,,,,,,,,,,,,,,,,,,,,,
8/02/2017,33.01,,,,,,,,,,,,,,,,,,,,,,,
9/02/2017,33.1,,,,,,,,,,,,,,,,,,,,,,,
10/02/2017,33.03,,,,,,,,,,,,,,,,,,,,,,,
13/02/2017,33.32,,,,,,,,,,,,,,,,,,,,,,,
14/02/2017,33.76,,,,,,,,,,,,,,,,,,,,,,,
15/02/2017,33.88,,,,,,,,,,,,,,,,,,,,,,,
16/02/2017,33.84,,,,,,,,,,,,,,,,,,,,,,,
17/02/2017,33.93,,,,,,,,,,,,,,,,,,,,,,,
21/02/2017,34.17,,,,,,,,,,,,,,,,,,,,,,,
22/02/2017,34.28,,,,,,,,,,,,,,,,,,,,,,,
23/02/2017,34.13,,,,,,,,,,,,,,,,,,,,,,,
24/02/2017,34.17,,,,,,,,,,,,,,,,,,,,,,,
27/02/2017,34.23,,,,,,,,,,,,,,,,,,,,,,,
28/02/2017,34.25,,,,,,,,,,,,,,,,,,,,,,,
1/03/2017,34.95,,,,,,,,,,,,,,,,,,,,,,,
2/03/2017,34.74,,,,,,,,,,,,,,,,,,,,,,,
3/03/2017,34.95,,,,,,,,,,,,,,,,,,,,,,,
6/03/2017,34.84,,,,,,,,,,,,,,,,,,,,,,,
7/03/2017,34.88,,,,,,,,,,,,,,,,,,,,,,,
8/03/2017,34.75,,,,,,,,,,,,,,,,,,,,,,,
9/03/2017,34.67,,,,,,,,,,,,,,,,,,,,,,,
10/03/2017,34.78,,,,,,,,,,,,,,,,,,,,,,,
13/03/2017,34.8,,,,,,,,,,,,,,,,,,,,,,,
14/03/2017,34.75,,,,,,,,,,,,,,,,,,,,,,,
15/03/2017,35.12,,,,,,,,,,,,,,,,,,,,,,,
16/03/2017,35.17,,,,,,,,,,,,,,,,,,,,,,,
17/03/2017,35,,,,,,,,,,,,,,,,,,,,,,,
20/03/2017,35.37,,,,,,,,,,,,,,,,,,,,,,,
21/03/2017,34.96,,,,,,,,,,,,,,,,,,,,,,,
22/03/2017,35.35,,,,,,,,,,,,,,,,,,,,,,,
23/03/2017,35.23,,,,,,,,,,,,,,,,,,,,,,,
24/03/2017,35.16,,,,,,,,,,,,,,,,,,,,,,,
27/03/2017,35.22,,,,,,,,,,,,,,,,,,,,,,,
28/03/2017,35.95,,,,,,,,,,,,,,,,,,,,,,,
29/03/2017,36.03,,,,,,,,,,,,,,,,,,,,,,,
30/03/2017,35.98,,,,,,,,,,,,,,,,,,,,,,,
31/03/2017,35.92,,,,,,,,,,,,,,,,,,,,,,,
3/04/2017,35.92,,,,,,,,,,,,,,,,,,,,,,,
4/04/2017,36.19,,,,,,,,,,,,,,,,,,,,,,,
5/04/2017,36.01,,,,,,,,,,,,,,,,,,,,,,,
6/04/2017,35.92,,,,,,,,,,,,,,,,,,,,,,,
7/04/2017,35.84,,,,,,,,,,,,,,,,,,,,,,,
10/04/2017,35.79,,,,,,,,,,,,,,,,,,,,,,,
11/04/2017,35.41,,,,,,,,,,,,,,,,,,,,,,,
12/04/2017,35.45,,,,,,,,,,,,,,,,,,,,,,,
13/04/2017,35.26,,,,,,,,,,,,,,,,,,,,,,,
17/04/2017,35.46,,,,,,,,,,,,,,,,,,,,,,,
18/04/2017,35.3,,,,,,,,,,,,,,,,,,,,,,,
19/04/2017,35.17,,,,,,,,,,,,,,,,,,,,,,,
20/04/2017,35.61,,,,,,,,,,,,,,,,,,,,,,,
21/04/2017,35.57,,,,,,,,,,,,,,,,,,,,,,,
24/04/2017,35.91,,,,,,,,,,,,,,,,,,,,,,,
25/04/2017,36.13,,,,,,,,,,,,,,,,,,,,,,,
26/04/2017,35.92,,,,,,,,,,,,,,,,,,,,,,,
27/04/2017,35.95,,,,,,,,,,,,,,,,,,,,,,,
28/04/2017,35.91,,,,,,,,,,,,,,,,,,,,,,,
1/05/2017,36.65,,,,,,,,,,,,,,,,,,,,,,,
2/05/2017,36.88,,,,,,,,,,,,,,,,,,,,,,,
3/05/2017,36.77,,,,,,,,,,,,,,,,,,,,,,,
4/05/2017,36.63,,,,,,,,,,,,,,,,,,,,,,,
5/05/2017,37.24,,,,,,,,,,,,,,,,,,,,,,,
8/05/2017,38.25,,,,,,,,,,,,,,,,,,,,,,,
9/05/2017,38.5,,,,,,,,,,,,,,,,,,,,,,,
10/05/2017,38.32,,,,,,,,,,,,,,,,,,,,,,,
11/05/2017,38.49,,,,,,,,,,,,,,,,,,,,,,,
12/05/2017,39.03,,,,,,,,,,,,,,,,,,,,,,,
15/05/2017,38.92,,,,,,,,,,,,,,,,,,,,,,,
16/05/2017,38.87,,,,,,,,,,,,,,,,,,,,,,,
17/05/2017,37.56,,,,,,,,,,,,,,,,,,,,,,,
18/05/2017,38.14,,,,,,,,,,,,,,,,,,,,,,,
19/05/2017,38.27,,,,,,,,,,,,,,,,,,,,,,,
22/05/2017,38.5,,,,,,,,,,,,,,,,,,,,,,,
23/05/2017,38.45,,,,,,,,,,,,,,,,,,,,,,,
24/05/2017,38.34,,,,,,,,,,,,,,,,,,,,,,,
25/05/2017,38.47,,,,,,,,,,,,,,,,,,,,,,,
26/05/2017,38.4,,,,,,,,,,,,,,,,,,,,,,,
30/05/2017,38.42,,,,,,,,,,,,,,,,,,,,,,,
31/05/2017,38.19,,,,,,,,,,,,,,,,,,,,,,,
1/06/2017,38.3,,,,,,,,,,,,,,,,,,,,,,,
2/06/2017,38.86,,,,,,,,,,,,,,,,,,,,,,,
5/06/2017,38.48,,,,,,,,,,,,,,,,,,,,,,,
6/06/2017,38.61,,,,,,,,,,,,,,,,,,,,,,,
7/06/2017,38.84,,,,,,,,,,,,,,,,,,,,,,,
8/06/2017,38.75,,,,,,,,,,,,,,,,,,,,,,,
9/06/2017,37.24,,,,,,,,,,,,,,,,,,,,,,,
12/06/2017,36.35,,,,,,,,,,,,,,,,,,,,,,,
13/06/2017,36.65,,,,,,,,,,,,,,,,,,,,,,,
14/06/2017,36.29,,,,,,,,,,,,,,,,,,,,,,,
15/06/2017,36.07,,,,,,,,,,,,,,,,,,,,,,,
16/06/2017,35.57,,,,,,,,,,,,,,,,,,,,,,,
19/06/2017,36.59,,,,,,,,,,,,,,,,,,,,,,,
20/06/2017,36.25,,,,,,,,,,,,,,,,,,,,,,,
21/06/2017,36.47,,,,,,,,,,,,,,,,,,,,,,,
22/06/2017,36.41,,,,,,,,,,,,,,,,,,,,,,,
23/06/2017,36.57,,,,,,,,,,,,,,,,,,,,,,,
26/06/2017,36.46,,,,,,,,,,,,,,,,,,,,,,,
27/06/2017,35.93,,,,,,,,,,,,,,,,,,,,,,,
28/06/2017,36.46,,,,,,,,,,,,,,,,,,,,,,,
29/06/2017,35.92,,,,,,,,,,,,,,,,,,,,,,,
30/06/2017,36.01,,,,,,,,,,,,,,,,,,,,,,,
3/07/2017,35.88,,,,,,,,,,,,,,,,,,,,,,,
5/07/2017,36.02,,,,,,,,,,,,,,,,,,,,,,,
6/07/2017,35.68,,,,,,,,,,,,,,,,,,,,,,,
7/07/2017,36.05,,,,,,,,,,,,,,,,,,,,,,,
10/07/2017,36.27,,,,,,,,,,,,,,,,,,,,,,,
11/07/2017,36.38,,,,,,,,,,,,,,,,,,,,,,,
12/07/2017,36.44,,,,,,,,,,,,,,,,,,,,,,,
13/07/2017,36.94,,,,,,,,,,,,,,,,,,,,,,,
14/07/2017,37.26,,,,,,,,,,,,,,,,,,,,,,,
17/07/2017,37.39,,,,,,,,,,,,,,,,,,,,,,,
18/07/2017,37.52,,,,,,,,,,,,,,,,,,,,,,,
19/07/2017,37.76,,,,,,,,,,,,,,,,,,,,,,,
20/07/2017,37.59,,,,,,,,,,,,,,,,,,,,,,,
21/07/2017,37.57,,,,,,,,,,,,,,,,,,,,,,,
24/07/2017,38.02,,,,,,,,,,,,,,,,,,,,,,,
25/07/2017,38.19,,,,,,,,,,,,,,,,,,,,,,,
26/07/2017,38.37,,,,,,,,,,,,,,,,,,,,,,,
27/07/2017,37.64,,,,,,,,,,,,,,,,,,,,,,,
28/07/2017,37.38,,,,,,,,,,,,,,,,,,,,,,,
31/07/2017,37.18,,,,,,,,,,,,,,,,,,,,,,,
1/08/2017,37.51,,,,,,,,,,,,,,,,,,,,,,,
2/08/2017,39.28,,,,,,,,,,,,,,,,,,,,,,,
3/08/2017,38.89,,,,,,,,,,,,,,,,,,,,,,,
4/08/2017,39.1,,,,,,,,,,,,,,,,,,,,,,,
7/08/2017,39.7,,,,,,,,,,,,,,,,,,,,,,,
8/08/2017,40.02,,,,,,,,,,,,,,,,,,,,,,,
9/08/2017,40.27,,,,,,,,,,,,,,,,,,,,,,,
10/08/2017,38.83,,,,,,,,,,,,,,,,,,,,,,,
11/08/2017,39.37,,,,,,,,,,,,,,,,,,,,,,,
14/08/2017,39.96,,,,,,,,,,,,,,,,,,,,,,,
15/08/2017,40.4,,,,,,,,,,,,,,,,,,,,,,,
16/08/2017,40.24,,,,,,,,,,,,,,,,,,,,,,,
17/08/2017,39.47,,,,,,,,,,,,,,,,,,,,,,,
18/08/2017,39.38,,,,,,,,,,,,,,,,,,,,,,,
21/08/2017,39.3,,,,,,,,,,,,,,,,,,,,,,,
22/08/2017,39.95,,,,,,,,,,,,,,,,,,,,,,,
23/08/2017,39.99,,,,,,,,,,,,,,,,,,,,,,,
24/08/2017,39.82,,,,,,,,,,,,,,,,,,,,,,,
25/08/2017,39.97,,,,,,,,,,,,,,,,,,,,,,,
28/08/2017,40.37,,,,,,,,,,,,,,,,,,,,,,,
29/08/2017,40.73,,,,,,,,,,,,,,,,,,,,,,,
30/08/2017,40.84,,,,,,,,,,,,,,,,,,,,,,,
31/08/2017,41,,,,,,,,,,,,,,,,,,,,,,,
1/09/2017,41.01,,,,,,,,,,,,,,,,,,,,,,,
5/09/2017,40.52,,,,,,,,,,,,,,,,,,,,,,,
6/09/2017,40.48,,,,,,,,,,,,,,,,,,,,,,,
7/09/2017,40.32,,,,,,,,,,,,,,,,,,,,,,,
8/09/2017,39.66,,,,,,,,,,,,,,,,,,,,,,,
11/09/2017,40.38,,,,,,,,,,,,,,,,,,,,,,,
12/09/2017,40.22,,,,,,,,,,,,,,,,,,,,,,,
13/09/2017,39.91,,,,,,,,,,,,,,,,,,,,,,,
14/09/2017,39.57,,,,,,,,,,,,,,,,,,,,,,,
15/09/2017,39.97,,,,,,,,,,,,,,,,,,,,,,,
18/09/2017,39.67,,,,,,,,,,,,,,,,,,,,,,,
19/09/2017,39.68,,,,,,,,,,,,,,,,,,,,,,,
20/09/2017,39.02,,,,,,,,,,,,,,,,,,,,,,,
21/09/2017,38.35,,,,,,,,,,,,,,,,,,,,,,,
22/09/2017,37.97,,,,,,,,,,,,,,,,,,,,,,,
25/09/2017,37.64,,,,,,,,,,,,,,,,,,,,,,,
26/09/2017,38.28,,,,,,,,,,,,,,,,,,,,,,,
27/09/2017,38.56,,,,,,,,,,,,,,,,,,,,,,,
28/09/2017,38.32,,,,,,,,,,,,,,,,,,,,,,,
29/09/2017,38.53,,,,,,,,,,,,,,,,,,,,,,,
2/10/2017,38.45,,,,,,,,,,,,,,,,,,,,,,,
3/10/2017,38.62,,,,,,,,,,,,,,,,,,,,,,,
4/10/2017,38.37,,,,,,,,,,,,,,,,,,,,,,,
5/10/2017,38.85,,,,,,,,,,,,,,,,,,,,,,,
6/10/2017,38.83,,,,,,,,,,,,,,,,,,,,,,,
9/10/2017,38.96,,,,,,,,,,,,,,,,,,,,,,,
10/10/2017,38.98,,,,,,,,,,,,,,,,,,,,,,,
11/10/2017,39.14,,,,,,,,,,,,,,,,,,,,,,,
12/10/2017,39,,,,,,,,,,,,,,,,,,,,,,,
13/10/2017,39.25,,,,,,,,,,,,,,,,,,,,,,,
16/10/2017,39.97,,,,,,,,,,,,,,,,,,,,,,,
17/10/2017,40.12,,,,,,,,,,,,,,,,,,,,,,,
18/10/2017,39.94,,,,,,,,,,,,,,,,,,,,,,,
19/10/2017,38.99,,,,,,,,,,,,,,,,,,,,,,,
20/10/2017,39.06,,,,,,,,,,,,,,,,,,,,,,,
23/10/2017,39.04,,,,,,,,,,,,,,,,,,,,,,,
24/10/2017,39.28,,,,,,,,,,,,,,,,,,,,,,,
25/10/2017,39.1,,,,,,,,,,,,,,,,,,,,,,,
26/10/2017,39.35,,,,,,,,,,,,,,,,,,,,,,,
27/10/2017,40.76,,,,,,,,,,,,,,,,,,,,,,,
30/10/2017,41.68,,,,,,,,,,,,,,,,,,,,,,,
31/10/2017,42.26,,,,,,,,,,,,,,,,,,,,,,,
1/11/2017,41.72,,,,,,,,,,,,,,,,,,,,,,,
2/11/2017,42.03,,,,,,,,,,,,,,,,,,,,,,,
3/11/2017,43.13,,,,,,,,,,,,,,,,,,,,,,,
6/11/2017,43.56,,,,,,,,,,,,,,,,,,,,,,,
7/11/2017,43.7,,,,,,,,,,,,,,,,,,,,,,,
8/11/2017,44.06,,,,,,,,,,,,,,,,,,,,,,,
9/11/2017,43.97,,,,,,,,,,,,,,,,,,,,,,,
10/11/2017,43.67,,,,,,,,,,,,,,,,,,,,,,,
13/11/2017,43.49,,,,,,,,,,,,,,,,,,,,,,,
14/11/2017,42.84,,,,,,,,,,,,,,,,,,,,,,,
15/11/2017,42.27,,,,,,,,,,,,,,,,,,,,,,,
16/11/2017,42.78,,,,,,,,,,,,,,,,,,,,,,,
17/11/2017,42.54,,,,,,,,,,,,,,,,,,,,,,,
20/11/2017,42.5,,,,,,,,,,,,,,,,,,,,,,,
21/11/2017,43.29,,,,,,,,,,,,,,,,,,,,,,,
22/11/2017,43.74,,,,,,,,,,,,,,,,,,,,,,,
24/11/2017,43.74,,,,,,,,,,,,,,,,,,,,,,,
27/11/2017,43.52,,,,,,,,,,,,,,,,,,,,,,,
28/11/2017,43.27,,,,,,,,,,,,,,,,,,,,,,,
29/11/2017,42.37,,,,,,,,,,,,,,,,,,,,,,,
30/11/2017,42.96,,,,,,,,,,,,,,,,,,,,,,,
1/12/2017,42.76,,,,,,,,,,,,,,,,,,,,,,,
4/12/2017,42.45,,,,,,,,,,,,,,,,,,,,,,,
5/12/2017,42.41,,,,,,,,,,,,,,,,,,,,,,,
6/12/2017,42.25,,,,,,,,,,,,,,,,,,,,,,,
7/12/2017,42.33,,,,,,,,,,,,,,,,,,,,,,,
8/12/2017,42.34,,,,,,,,,,,,,,,,,,,,,,,
11/12/2017,43.17,,,,,,,,,,,,,,,,,,,,,,,
12/12/2017,42.93,,,,,,,,,,,,,,,,,,,,,,,
13/12/2017,43.07,,,,,,,,,,,,,,,,,,,,,,,
14/12/2017,43.06,,,,,,,,,,,,,,,,,,,,,,,
15/12/2017,43.49,,,,,,,,,,,,,,,,,,,,,,,
18/12/2017,44.11,,,,,,,,,,,,,,,,,,,,,,,
19/12/2017,43.64,,,,,,,,,,,,,,,,,,,,,,,
20/12/2017,43.59,,,,,,,,,,,,,,,,,,,,,,,
21/12/2017,43.75,,,,,,,,,,,,,,,,,,,,,,,
22/12/2017,43.75,,,,,,,,,,,,,,,,,,,,,,,
26/12/2017,42.64,,,,,,,,,,,,,,,,,,,,,,,
27/12/2017,42.65,,,,,,,,,,,,,,,,,,,,,,,
28/12/2017,42.77,,,,,,,,,,,,,,,,,,,,,,,
29/12/2017,42.31,,,,,,,,,,,,,,,,,,,,,,,
2/01/2018,43.07,,,,,,,,,,,,,,,,,,,,,,,
3/01/2018,43.06,,,,,,,,,,,,,,,,,,,,,,,
4/01/2018,43.26,,,,,,,,,,,,,,,,,,,,,,,
5/01/2018,43.75,,,,,,,,,,,,,,,,,,,,,,,
8/01/2018,43.59,,,,,,,,,,,,,,,,,,,,,,,
9/01/2018,43.58,,,,,,,,,,,,,,,,,,,,,,,
10/01/2018,43.57,,,,,,,,,,,,,,,,,,,,,,,
11/01/2018,43.82,,,,,,,,,,,,,,,,,,,,,,,
12/01/2018,44.27,,,,,,,,,,,,,,,,,,,,,,,
16/01/2018,44.05,,,,,,,,,,,,,,,,,,,,,,,
17/01/2018,44.78,,,,,,,,,,,,,,,,,,,,,,,
18/01/2018,44.82,,,,,,,,,,,,,,,,,,,,,,,
19/01/2018,44.62,,,,,,,,,,,,,,,,,,,,,,,
22/01/2018,44.25,,,,,,,,,,,,,,,,,,,,,,,
23/01/2018,44.26,,,,,,,,,,,,,,,,,,,,,,,
24/01/2018,43.56,,,,,,,,,,,,,,,,,,,,,,,
25/01/2018,42.78,,,,,,,,,,,,,,,,,,,,,,,
26/01/2018,42.88,,,,,,,,,,,,,,,,,,,,,,,
29/01/2018,41.99,,,,,,,,,,,,,,,,,,,,,,,
30/01/2018,41.74,,,,,,,,,,,,,,,,,,,,,,,
31/01/2018,41.86,,,,,,,,,,,,,,,,,,,,,,,
1/02/2018,41.95,,,,,,,,,,,,,,,,,,,,,,,
2/02/2018,40.13,,,,,,,,,,,,,,,,,,,,,,,
5/02/2018,39.12,,,,,,,,,,,,,,,,,,,,,,,
6/02/2018,40.76,,,,,,,,,,,,,,,,,,,,,,,
7/02/2018,39.89,,,,,,,,,,,,,,,,,,,,,,,
8/02/2018,38.79,,,,,,,,,,,,,,,,,,,,,,,
9/02/2018,39.1,,,,,,,,,,,,,,,,,,,,,,,
12/02/2018,40.68,,,,,,,,,,,,,,,,,,,,,,,
13/02/2018,41.09,,,,,,,,,,,,,,,,,,,,,,,
14/02/2018,41.84,,,,,,,,,,,,,,,,,,,,,,,
15/02/2018,43.25,,,,,,,,,,,,,,,,,,,,,,,
16/02/2018,43.11,,,,,,,,,,,,,,,,,,,,,,,
20/02/2018,42.96,,,,,,,,,,,,,,,,,,,,,,,
21/02/2018,42.77,,,,,,,,,,,,,,,,,,,,,,,
22/02/2018,43.13,,,,,,,,,,,,,,,,,,,,,,,
23/02/2018,43.88,,,,,,,,,,,,,,,,,,,,,,,
26/02/2018,44.74,,,,,,,,,,,,,,,,,,,,,,,
27/02/2018,44.6,,,,,,,,,,,,,,,,,,,,,,,
28/02/2018,44.53,,,,,,,,,,,,,,,,,,,,,,,
1/03/2018,43.75,,,,,,,,,,,,,,,,,,,,,,,
2/03/2018,44.05,,,,,,,,,,,,,,,,,,,,,,,
5/03/2018,44.21,,,,,,,,,,,,,,,,,,,,,,,
6/03/2018,44.17,,,,,,,,,,,,,,,,,,,,,,,
7/03/2018,43.76,,,,,,,,,,,,,,,,,,,,,,,
8/03/2018,44.24,,,,,,,,,,,,,,,,,,,,,,,
9/03/2018,45,,,,,,,,,,,,,,,,,,,,,,,
12/03/2018,45.43,,,,,,,,,,,,,,,,,,,,,,,
13/03/2018,44.99,,,,,,,,,,,,,,,,,,,,,,,
14/03/2018,44.61,,,,,,,,,,,,,,,,,,,,,,,
15/03/2018,44.66,,,,,,,,,,,,,,,,,,,,,,,
16/03/2018,44.51,,,,,,,,,,,,,,,,,,,,,,,
19/03/2018,43.83,,,,,,,,,,,,,,,,,,,,,,,
20/03/2018,43.81,,,,,,,,,,,,,,,,,,,,,,,
21/03/2018,42.82,,,,,,,,,,,,,,,,,,,,,,,
22/03/2018,42.21,,,,,,,,,,,,,,,,,,,,,,,
23/03/2018,41.24,,,,,,,,,,,,,,,,,,,,,,,
26/03/2018,43.19,,,,,,,,,,,,,,,,,,,,,,,
27/03/2018,42.09,,,,,,,,,,,,,,,,,,,,,,,
28/03/2018,41.62,,,,,,,,,,,,,,,,,,,,,,,
29/03/2018,41.95,,,,,,,,,,,,,,,,,,,,,,,
2/04/2018,41.67,,,,,,,,,,,,,,,,,,,,,,,
3/04/2018,42.1,,,,,,,,,,,,,,,,,,,,,,,
4/04/2018,42.9,,,,,,,,,,,,,,,,,,,,,,,
5/04/2018,43.2,,,,,,,,,,,,,,,,,,,,,,,
6/04/2018,42.1,,,,,,,,,,,,,,,,,,,,,,,
9/04/2018,42.51,,,,,,,,,,,,,,,,,,,,,,,
10/04/2018,43.31,,,,,,,,,,,,,,,,,,,,,,,
11/04/2018,43.11,,,,,,,,,,,,,,,,,,,,,,,
12/04/2018,43.54,,,,,,,,,,,,,,,,,,,,,,,
13/04/2018,43.68,,,,,,,,,,,,,,,,,,,,,,,
16/04/2018,43.96,,,,,,,,,,,,,,,,,,,,,,,
17/04/2018,44.56,,,,,,,,,,,,,,,,,,,,,,,
18/04/2018,44.46,,,,,,,,,,,,,,,,,,,,,,,
19/04/2018,43.2,,,,,,,,,,,,,,,,,,,,,,,
20/04/2018,41.43,,,,,,,,,,,,,,,,,,,,,,,
23/04/2018,41.31,,,,,,,,,,,,,,,,,,,,,,,
24/04/2018,40.74,,,,,,,,,,,,,,,,,,,,,,,
25/04/2018,40.91,,,,,,,,,,,,,,,,,,,,,,,
26/04/2018,41.06,,,,,,,,,,,,,,,,,,,,,,,
27/04/2018,40.58,,,,,,,,,,,,,,,,,,,,,,,
30/04/2018,41.32,,,,,,,,,,,,,,,,,,,,,,,
1/05/2018,42.28,,,,,,,,,,,,,,,,,,,,,,,
2/05/2018,44.14,,,,,,,,,,,,,,,,,,,,,,,
3/05/2018,44.22,,,,,,,,,,,,,,,,,,,,,,,
4/05/2018,45.96,,,,,,,,,,,,,,,,,,,,,,,
7/05/2018,46.29,,,,,,,,,,,,,,,,,,,,,,,
8/05/2018,46.51,,,,,,,,,,,,,,,,,,,,,,,
9/05/2018,46.84,,,,,,,,,,,,,,,,,,,,,,,
10/05/2018,47.51,,,,,,,,,,,,,,,,,,,,,,,
11/05/2018,47.15,,,,,,,,,,,,,,,,,,,,,,,
14/05/2018,47.04,,,,,,,,,,,,,,,,,,,,,,,
15/05/2018,46.61,,,,,,,,,,,,,,,,,,,,,,,
16/05/2018,47.05,,,,,,,,,,,,,,,,,,,,,,,
17/05/2018,46.75,,,,,,,,,,,,,,,,,,,,,,,
18/05/2018,46.58,,,,,,,,,,,,,,,,,,,,,,,
21/05/2018,46.91,,,,,,,,,,,,,,,,,,,,,,,
22/05/2018,46.79,,,,,,,,,,,,,,,,,,,,,,,
23/05/2018,47.09,,,,,,,,,,,,,,,,,,,,,,,
24/05/2018,47.04,,,,,,,,,,,,,,,,,,,,,,,
25/05/2018,47.15,,,,,,,,,,,,,,,,,,,,,,,
29/05/2018,46.98,,,,,,,,,,,,,,,,,,,,,,,
30/05/2018,46.88,,,,,,,,,,,,,,,,,,,,,,,
31/05/2018,46.72,,,,,,,,,,,,,,,,,,,,,,,
1/06/2018,47.56,,,,,,,,,,,,,,,,,,,,,,,
4/06/2018,47.96,,,,,,,,,,,,,,,,,,,,,,,
5/06/2018,48.33,,,,,,,,,,,,,,,,,,,,,,,
6/06/2018,48.5,,,,,,,,,,,,,,,,,,,,,,,
7/06/2018,48.37,,,,,,,,,,,,,,,,,,,,,,,
8/06/2018,47.93,,,,,,,,,,,,,,,,,,,,,,,
11/06/2018,47.81,,,,,,,,,,,,,,,,,,,,,,,
12/06/2018,48.07,,,,,,,,,,,,,,,,,,,,,,,
13/06/2018,47.68,,,,,,,,,,,,,,,,,,,,,,,
14/06/2018,47.7,,,,,,,,,,,,,,,,,,,,,,,
15/06/2018,47.21,,,,,,,,,,,,,,,,,,,,,,,
18/06/2018,47.19,,,,,,,,,,,,,,,,,,,,,,,
19/06/2018,46.42,,,,,,,,,,,,,,,,,,,,,,,
20/06/2018,46.63,,,,,,,,,,,,,,,,,,,,,,,
21/06/2018,46.37,,,,,,,,,,,,,,,,,,,,,,,
22/06/2018,46.23,,,,,,,,,,,,,,,,,,,,,,,
25/06/2018,45.54,,,,,,,,,,,,,,,,,,,,,,,
26/06/2018,46.11,,,,,,,,,,,,,,,,,,,,,,,
27/06/2018,46.04,,,,,,,,,,,,,,,,,,,,,,,
28/06/2018,46.38,,,,,,,,,,,,,,,,,,,,,,,
29/06/2018,46.28,,,,,,,,,,,,,,,,,,,,,,,
2/07/2018,46.8,,,,,,,,,,,,,,,,,,,,,,,
3/07/2018,45.98,,,,,,,,,,,,,,,,,,,,,,,
5/07/2018,46.35,,,,,,,,,,,,,,,,,,,,,,,
6/07/2018,46.99,,,,,,,,,,,,,,,,,,,,,,,
9/07/2018,47.65,,,,,,,,,,,,,,,,,,,,,,,
10/07/2018,47.59,,,,,,,,,,,,,,,,,,,,,,,
11/07/2018,46.97,,,,,,,,,,,,,,,,,,,,,,,
12/07/2018,47.76,,,,,,,,,,,,,,,,,,,,,,,
13/07/2018,47.83,,,,,,,,,,,,,,,,,,,,,,,
16/07/2018,47.73,,,,,,,,,,,,,,,,,,,,,,,
17/07/2018,47.86,,,,,,,,,,,,,,,,,,,,,,,
18/07/2018,47.6,,,,,,,,,,,,,,,,,,,,,,,
19/07/2018,47.97,,,,,,,,,,,,,,,,,,,,,,,
20/07/2018,47.86,,,,,,,,,,,,,,,,,,,,,,,
23/07/2018,47.86,,,,,,,,,,,,,,,,,,,,,,,
24/07/2018,48.25,,,,,,,,,,,,,,,,,,,,,,,
25/07/2018,48.71,,,,,,,,,,,,,,,,,,,,,,,
26/07/2018,48.55,,,,,,,,,,,,,,,,,,,,,,,
27/07/2018,47.75,,,,,,,,,,,,,,,,,,,,,,,
30/07/2018,47.48,,,,,,,,,,,,,,,,,,,,,,,
31/07/2018,47.57,,,,,,,,,,,,,,,,,,,,,,,
1/08/2018,50.38,,,,,,,,,,,,,,,,,,,,,,,
2/08/2018,51.85,,,,,,,,,,,,,,,,,,,,,,,
3/08/2018,52,,,,,,,,,,,,,,,,,,,,,,,
6/08/2018,52.27,,,,,,,,,,,,,,,,,,,,,,,
7/08/2018,51.78,,,,,,,,,,,,,,,,,,,,,,,
8/08/2018,51.81,,,,,,,,,,,,,,,,,,,,,,,
9/08/2018,52.22,,,,,,,,,,,,,,,,,,,,,,,
10/08/2018,51.88,,,,,,,,,,,,,,,,,,,,,,,
13/08/2018,52.22,,,,,,,,,,,,,,,,,,,,,,,
14/08/2018,52.44,,,,,,,,,,,,,,,,,,,,,,,
15/08/2018,52.56,,,,,,,,,,,,,,,,,,,,,,,
16/08/2018,53.33,,,,,,,,,,,,,,,,,,,,,,,
17/08/2018,54.4,,,,,,,,,,,,,,,,,,,,,,,
20/08/2018,53.87,,,,,,,,,,,,,,,,,,,,,,,
21/08/2018,53.76,,,,,,,,,,,,,,,,,,,,,,,
22/08/2018,53.76,,,,,,,,,,,,,,,,,,,,,,,
23/08/2018,53.87,,,,,,,,,,,,,,,,,,,,,,,
24/08/2018,54.04,,,,,,,,,,,,,,,,,,,,,,,
27/08/2018,54.49,,,,,,,,,,,,,,,,,,,,,,,
28/08/2018,54.93,,,,,,,,,,,,,,,,,,,,,,,
29/08/2018,55.75,,,,,,,,,,,,,,,,,,,,,,,
30/08/2018,56.26,,,,,,,,,,,,,,,,,,,,,,,
31/08/2018,56.91,,,,,,,,,,,,,,,,,,,,,,,
4/09/2018,57.09,,,,,,,,,,,,,,,,,,,,,,,
5/09/2018,56.72,,,,,,,,,,,,,,,,,,,,,,,
6/09/2018,55.78,,,,,,,,,,,,,,,,,,,,,,,
7/09/2018,55.33,,,,,,,,,,,,,,,,,,,,,,,
10/09/2018,54.58,,,,,,,,,,,,,,,,,,,,,,,
11/09/2018,55.96,,,,,,,,,,,,,,,,,,,,,,,
12/09/2018,55.27,,,,,,,,,,,,,,,,,,,,,,,
13/09/2018,56.6,,,,,,,,,,,,,,,,,,,,,,,
14/09/2018,55.96,,,,,,,,,,,,,,,,,,,,,,,
17/09/2018,54.47,,,,,,,,,,,,,,,,,,,,,,,
18/09/2018,54.56,,,,,,,,,,,,,,,,,,,,,,,
19/09/2018,54.59,,,,,,,,,,,,,,,,,,,,,,,
20/09/2018,55.01,,,,,,,,,,,,,,,,,,,,,,,
21/09/2018,54.42,,,,,,,,,,,,,,,,,,,,,,,
24/09/2018,55.2,,,,,,,,,,,,,,,,,,,,,,,
25/09/2018,55.55,,,,,,,,,,,,,,,,,,,,,,,
26/09/2018,55.11,,,,,,,,,,,,,,,,,,,,,,,
27/09/2018,56.24,,,,,,,,,,,,,,,,,,,,,,,
28/09/2018,56.44,,,,,,,,,,,,,,,,,,,,,,,
1/10/2018,56.82,,,,,,,,,,,,,,,,,,,,,,,
2/10/2018,57.32,,,,,,,,,,,,,,,,,,,,,,,
3/10/2018,58.02,,,,,,,,,,,,,,,,,,,,,,,
4/10/2018,57,,,,,,,,,,,,,,,,,,,,,,,
5/10/2018,56.07,,,,,,,,,,,,,,,,,,,,,,,
8/10/2018,55.94,,,,,,,,,,,,,,,,,,,,,,,
9/10/2018,56.72,,,,,,,,,,,,,,,,,,,,,,,
10/10/2018,54.09,,,,,,,,,,,,,,,,,,,,,,,
11/10/2018,53.61,,,,,,,,,,,,,,,,,,,,,,,
12/10/2018,55.53,,,,,,,,,,,,,,,,,,,,,,,
15/10/2018,54.34,,,,,,,,,,,,,,,,,,,,,,,
16/10/2018,55.54,,,,,,,,,,,,,,,,,,,,,,,
17/10/2018,55.3,,,,,,,,,,,,,,,,,,,,,,,
18/10/2018,54.01,,,,,,,,,,,,,,,,,,,,,,,
19/10/2018,54.83,,,,,,,,,,,,,,,,,,,,,,,
22/10/2018,55.16,,,,,,,,,,,,,,,,,,,,,,,
23/10/2018,55.68,,,,,,,,,,,,,,,,,,,,,,,
24/10/2018,53.77,,,,,,,,,,,,,,,,,,,,,,,
25/10/2018,54.95,,,,,,,,,,,,,,,,,,,,,,,
26/10/2018,54.08,,,,,,,,,,,,,,,,,,,,,,,
29/10/2018,53.06,,,,,,,,,,,,,,,,,,,,,,,
30/10/2018,53.33,,,,,,,,,,,,,,,,,,,,,,,
31/10/2018,54.72,,,,,,,,,,,,,,,,,,,,,,,
1/11/2018,55.56,,,,,,,,,,,,,,,,,,,,,,,
2/11/2018,51.87,,,,,,,,,,,,,,,,,,,,,,,
5/11/2018,50.4,,,,,,,,,,,,,,,,,,,,,,,
6/11/2018,50.94,,,,,,,,,,,,,,,,,,,,,,,
7/11/2018,52.49,,,,,,,,,,,,,,,,,,,,,,,
8/11/2018,52.12,,,,,,,,,,,,,,,,,,,,,,,
9/11/2018,51.12,,,,,,,,,,,,,,,,,,,,,,,
12/11/2018,48.54,,,,,,,,,,,,,,,,,,,,,,,
13/11/2018,48.06,,,,,,,,,,,,,,,,,,,,,,,
14/11/2018,46.7,,,,,,,,,,,,,,,,,,,,,,,
15/11/2018,47.85,,,,,,,,,,,,,,,,,,,,,,,
16/11/2018,48.38,,,,,,,,,,,,,,,,,,,,,,,
19/11/2018,46.47,,,,,,,,,,,,,,,,,,,,,,,
20/11/2018,44.25,,,,,,,,,,,,,,,,,,,,,,,
21/11/2018,44.2,,,,,,,,,,,,,,,,,,,,,,,
23/11/2018,43.07,,,,,,,,,,,,,,,,,,,,,,,
26/11/2018,43.66,,,,,,,,,,,,,,,,,,,,,,,
27/11/2018,43.56,,,,,,,,,,,,,,,,,,,,,,,
28/11/2018,45.24,,,,,,,,,,,,,,,,,,,,,,,
29/11/2018,44.89,,,,,,,,,,,,,,,,,,,,,,,
30/11/2018,44.65,,,,,,,,,,,,,,,,,,,,,,,
3/12/2018,46.21,,,,,,,,,,,,,,,,,,,,,,,
4/12/2018,44.17,,,,,,,,,,,,,,,,,,,,,,,
6/12/2018,43.68,,,,,,,,,,,,,,,,,,,,,,,
7/12/2018,42.12,,,,,,,,,,,,,,,,,,,,,,,
10/12/2018,42.4,,,,,,,,,,,,,,,,,,,,,,,
11/12/2018,42.16,,,,,,,,,,,,,,,,,,,,,,,
12/12/2018,42.28,,,,,,,,,,,,,,,,,,,,,,,
13/12/2018,42.74,,,,,,,,,,,,,,,,,,,,,,,
14/12/2018,41.37,,,,,,,,,,,,,,,,,,,,,,,
17/12/2018,40.99,,,,,,,,,,,,,,,,,,,,,,,
18/12/2018,41.52,,,,,,,,,,,,,,,,,,,,,,,
19/12/2018,40.22,,,,,,,,,,,,,,,,,,,,,,,
20/12/2018,39.21,,,,,,,,,,,,,,,,,,,,,,,
21/12/2018,37.68,,,,,,,,,,,,,,,,,,,,,,,
24/12/2018,36.71,,,,,,,,,,,,,,,,,,,,,,,
26/12/2018,39.29,,,,,,,,,,,,,,,,,,,,,,,
27/12/2018,39.04,,,,,,,,,,,,,,,,,,,,,,,
28/12/2018,39.06,,,,,,,,,,,,,,,,,,,,,,,
31/12/2018,39.44,,,,,,,,,,,,,,,,,,,,,,,
2/01/2019,39.48,,,,,,,,,,,,,,,,,,,,,,,
3/01/2019,35.55,,,,,,,,,,,,,,,,,,,,,,,
4/01/2019,37.07,,,,,,,,,,,,,,,,,,,,,,,
7/01/2019,36.98,,,,,,,,,,,,,,,,,,,,,,,
8/01/2019,37.69,,,,,,,,,,,,,,,,,,,,,,,
9/01/2019,38.33,,,,,,,,,,,,,,,,,,,,,,,
10/01/2019,38.45,,,,,,,,,,,,,,,,,,,,,,,
11/01/2019,38.07,,,,,,,,,,,,,,,,,,,,,,,
14/01/2019,37.5,,,,,,,,,,,,,,,,,,,,,,,
15/01/2019,38.27,,,,,,,,,,,,,,,,,,,,,,,
16/01/2019,38.74,,,,,,,,,,,,,,,,,,,,,,,
17/01/2019,38.97,,,,,,,,,,,,,,,,,,,,,,,
18/01/2019,39.21,,,,,,,,,,,,,,,,,,,,,,,
22/01/2019,38.33,,,,,,,,,,,,,,,,,,,,,,,
23/01/2019,38.48,,,,,,,,,,,,,,,,,,,,,,,
24/01/2019,38.17,,,,,,,,,,,,,,,,,,,,,,,
25/01/2019,39.44,,,,,,,,,,,,,,,,,,,,,,,
28/01/2019,39.08,,,,,,,,,,,,,,,,,,,,,,,
29/01/2019,38.67,,,,,,,,,,,,,,,,,,,,,,,
30/01/2019,41.31,,,,,,,,,,,,,,,,,,,,,,,
31/01/2019,41.61,,,,,,,,,,,,,,,,,,,,,,,
1/02/2019,41.63,,,,,,,,,,,,,,,,,,,,,,,
4/02/2019,42.81,,,,,,,,,,,,,,,,,,,,,,,
5/02/2019,43.55,,,,,,,,,,,,,,,,,,,,,,,
6/02/2019,43.56,,,,,,,,,,,,,,,,,,,,,,,
7/02/2019,42.74,,,,,,,,,,,,,,,,,,,,,,,
8/02/2019,42.6,,,,,,,,,,,,,,,,,,,,,,,
11/02/2019,42.36,,,,,,,,,,,,,,,,,,,,,,,
12/02/2019,42.72,,,,,,,,,,,,,,,,,,,,,,,
13/02/2019,42.55,,,,,,,,,,,,,,,,,,,,,,,
14/02/2019,42.7,,,,,,,,,,,,,,,,,,,,,,,
15/02/2019,42.61,,,,,,,,,,,,,,,,,,,,,,,
19/02/2019,42.73,,,,,,,,,,,,,,,,,,,,,,,
20/02/2019,43.01,,,,,,,,,,,,,,,,,,,,,,,
21/02/2019,42.77,,,,,,,,,,,,,,,,,,,,,,,
22/02/2019,43.24,,,,,,,,,,,,,,,,,,,,,,,
25/02/2019,43.56,,,,,,,,,,,,,,,,,,,,,,,
26/02/2019,43.58,,,,,,,,,,,,,,,,,,,,,,,
27/02/2019,43.72,,,,,,,,,,,,,,,,,,,,,,,
28/02/2019,43.29,,,,,,,,,,,,,,,,,,,,,,,
1/03/2019,43.74,,,,,,,,,,,,,,,,,,,,,,,
4/03/2019,43.96,,,,,,,,,,,,,,,,,,,,,,,
5/03/2019,43.88,,,,,,,,,,,,,,,,,,,,,,,
6/03/2019,43.63,,,,,,,,,,,,,,,,,,,,,,,
7/03/2019,43.13,,,,,,,,,,,,,,,,,,,,,,,
8/03/2019,43.23,,,,,,,,,,,,,,,,,,,,,,,
11/03/2019,44.73,,,,,,,,,,,,,,,,,,,,,,,
12/03/2019,45.23,,,,,,,,,,,,,,,,,,,,,,,
13/03/2019,45.43,,,,,,,,,,,,,,,,,,,,,,,
14/03/2019,45.93,,,,,,,,,,,,,,,,,,,,,,,
15/03/2019,46.53,,,,,,,,,,,,,,,,,,,,,,,
18/03/2019,47.01,,,,,,,,,,,,,,,,,,,,,,,
19/03/2019,46.63,,,,,,,,,,,,,,,,,,,,,,,
20/03/2019,47.04,,,,,,,,,,,,,,,,,,,,,,,
21/03/2019,48.77,,,,,,,,,,,,,,,,,,,,,,,
22/03/2019,47.76,,,,,,,,,,,,,,,,,,,,,,,
25/03/2019,47.19,,,,,,,,,,,,,,,,,,,,,,,
26/03/2019,46.7,,,,,,,,,,,,,,,,,,,,,,,
27/03/2019,47.12,,,,,,,,,,,,,,,,,,,,,,,
28/03/2019,47.18,,,,,,,,,,,,,,,,,,,,,,,
29/03/2019,47.49,,,,,,,,,,,,,,,,,,,,,,,
1/04/2019,47.81,,,,,,,,,,,,,,,,,,,,,,,
2/04/2019,48.51,,,,,,,,,,,,,,,,,,,,,,,
3/04/2019,48.84,,,,,,,,,,,,,,,,,,,,,,,
4/04/2019,48.92,,,,,,,,,,,,,,,,,,,,,,,
5/04/2019,49.25,,,,,,,,,,,,,,,,,,,,,,,
8/04/2019,50.03,,,,,,,,,,,,,,,,,,,,,,,
9/04/2019,49.88,,,,,,,,,,,,,,,,,,,,,,,
10/04/2019,50.16,,,,,,,,,,,,,,,,,,,,,,,
11/04/2019,49.74,,,,,,,,,,,,,,,,,,,,,,,
12/04/2019,49.72,,,,,,,,,,,,,,,,,,,,,,,
15/04/2019,49.81,,,,,,,,,,,,,,,,,,,,,,,
16/04/2019,49.81,,,,,,,,,,,,,,,,,,,,,,,
17/04/2019,50.78,,,,,,,,,,,,,,,,,,,,,,,
18/04/2019,50.97,,,,,,,,,,,,,,,,,,,,,,,
22/04/2019,51.13,,,,,,,,,,,,,,,,,,,,,,,
23/04/2019,51.87,,,,,,,,,,,,,,,,,,,,,,,
24/04/2019,51.79,,,,,,,,,,,,,,,,,,,,,,,
25/04/2019,51.32,,,,,,,,,,,,,,,,,,,,,,,
26/04/2019,51.08,,,,,,,,,,,,,,,,,,,,,,,
29/04/2019,51.15,,,,,,,,,,,,,,,,,,,,,,,
30/04/2019,50.17,,,,,,,,,,,,,,,,,,,,,,,
,,,,,,,,,,,,,,,,,,,,,,,,
,,,,,,,,,,,,,,,,,,,,,,,,
,,,,,,,,,,,,,,,,,,,,,,,,
,,,,,,,,,,,,,,,,,,,,,,,,
,,,,,,,,,,,,,,,,,,,,,,,,
,,,,,,,,,,,,,,,,,,,,,,,,
,,,,,,,,,,,,,,,,,,,,,,,,
,,,,,,,,,,,,,,,,,,,,,,,,
,,,,,,,,,,,,,,,,,,,,,,,,
,,,,,,,,,,,,,,,,,,,,,,,,
,,,,,,,,,,,,,,,,,,,,,,,,
,,,,,,,,,,,,,,,,,,,,,,,,
,,,,,,,,,,,,,,,,,,,,,,,,
,,,,,,,,,,,,,,,,,,,,,,,,
,,,,,,,,,,,,,,,,,,,,,,,,
,,,,,,,,,,,,,,,,,,,,,,,,
,,,,,,,,,,,,,,,,,,,,,,,,
,,,,,,,,,,,,,,,,,,,,,,,,
,,,,,,,,,,,,,,,,,,,,,,,,
,,,,,,,,,,,,,,,,,,,,,,,,
,,,,,,,,,,,,,,,,,,,,,,,,
,,,,,,,,,,,,,,,,,,,,,,,,
,,,,,,,,,,,,,,,,,,,,,,,,
,,,,,,,,,,,,,,,,,,,,,,,,
,,,,,,,,,,,,,,,,,,,,,,,,
,,,,,,,,,,,,,,,,,,,,,,,,
,,,,,,,,,,,,,,,,,,,,,,,,
,,,,,,,,,,,,,,,,,,,,,,,,
,,,,,,,,,,,,,,,,,,,,,,,,
,,,,,,,,,,,,,,,,,,,,,,,,
,,,,,,,,,,,,,,,,,,,,,,,,
,,,,,,,,,,,,,,,,,,,,,,,,
,,,,,,,,,,,,,,,,,,,,,,,,
,,,,,,,,,,,,,,,,,,,,,,,,
,,,,,,,,,,,,,,,,,,,,,,,,
,,,,,,,,,,,,,,,,,,,,,,,,
,,,,,,,,,,,,,,,,,,,,,,,,
,,,,,,,,,,,,,,,,,,,,,,,,
,,,,,,,,,,,,,,,,,,,,,,,,
,,,,,,,,,,,,,,,,,,,,,,,,
,,,,,,,,,,,,,,,,,,,,,,,,
,,,,,,,,,,,,,,,,,,,,,,,,
,,,,,,,,,,,,,,,,,,,,,,,,
,,,,,,,,,,,,,,,,,,,,,,,,
,,,,,,,,,,,,,,,,,,,,,,,,
,,,,,,,,,,,,,,,,,,,,,,,,
,,,,,,,,,,,,,,,,,,,,,,,,
,,,,,,,,,,,,,,,,,,,,,,,,
,,,,,,,,,,,,,,,,,,,,,,,,
,,,,,,,,,,,,,,,,,,,,,,,,
,,,,,,,,,,,,,,,,,,,,,,,,
,,,,,,,,,,,,,,,,,,,,,,,,
,,,,,,,,,,,,,,,,,,,,,,,,
,,,,,,,,,,,,,,,,,,,,,,,,
,,,,,,,,,,,,,,,,,,,,,,,,
,,,,,,,,,,,,,,,,,,,,,,,,
,,,,,,,,,,,,,,,,,,,,,,,,
,,,,,,,,,,,,,,,,,,,,,,,,
,,,,,,,,,,,,,,,,,,,,,,,,
,,,,,,,,,,,,,,,,,,,,,,,,
,,,,,,,,,,,,,,,,,,,,,,,,
,,,,,,,,,,,,,,,,,,,,,,,,
,,,,,,,,,,,,,,,,,,,,,,,,
,,,,,,,,,,,,,,,,,,,,,,,,
,,,,,,,,,,,,,,,,,,,,,,,,
,,,,,,,,,,,,,,,,,,,,,,,,
,,,,,,,,,,,,,,,,,,,,,,,,
,,,,,,,,,,,,,,,,,,,,,,,,
,,,,,,,,,,,,,,,,,,,,,,,,
,,,,,,,,,,,,,,,,,,,,,,,,
,,,,,,,,,,,,,,,,,,,,,,,,
,,,,,,,,,,,,,,,,,,,,,,,,
,,,,,,,,,,,,,,,,,,,,,,,,
,,,,,,,,,,,,,,,,,,,,,,,,
,,,,,,,,,,,,,,,,,,,,,,,,
,,,,,,,,,,,,,,,,,,,,,,,,
,,,,,,,,,,,,,,,,,,,,,,,,
,,,,,,,,,,,,,,,,,,,,,,,,
,,,,,,,,,,,,,,,,,,,,,,,,
,,,,,,,,,,,,,,,,,,,,,,,,
,,,,,,,,,,,,,,,,,,,,,,,,
,,,,,,,,,,,,,,,,,,,,,,,,
,,,,,,,,,,,,,,,,,,,,,,,,
,,,,,,,,,,,,,,,,,,,,,,,,
,,,,,,,,,,,,,,,,,,,,,,,,
,,,,,,,,,,,,,,,,,,,,,,,,
,,,,,,,,,,,,,,,,,,,,,,,,
,,,,,,,,,,,,,,,,,,,,,,,,
,,,,,,,,,,,,,,,,,,,,,,,,
,,,,,,,,,,,,,,,,,,,,,,,,
,,,,,,,,,,,,,,,,,,,,,,,,
,,,,,,,,,,,,,,,,,,,,,,,,
,,,,,,,,,,,,,,,,,,,,,,,,
,,,,,,,,,,,,,,,,,,,,,,,,
,,,,,,,,,,,,,,,,,,,,,,,,
,,,,,,,,,,,,,,,,,,,,,,,,
,,,,,,,,,,,,,,,,,,,,,,,,
,,,,,,,,,,,,,,,,,,,,,,,,
,,,,,,,,,,,,,,,,,,,,,,,,
,,,,,,,,,,,,,,,,,,,,,,,,
,,,,,,,,,,,,,,,,,,,,,,,,
,,,,,,,,,,,,,,,,,,,,,,,,
,,,,,,,,,,,,,,,,,,,,,,,,
,,,,,,,,,,,,,,,,,,,,,,,,
,,,,,,,,,,,,,,,,,,,,,,,,
,,,,,,,,,,,,,,,,,,,,,,,,
,,,,,,,,,,,,,,,,,,,,,,,,
,,,,,,,,,,,,,,,,,,,,,,,,
,,,,,,,,,,,,,,,,,,,,,,,,
,,,,,,,,,,,,,,,,,,,,,,,,
,,,,,,,,,,,,,,,,,,,,,,,,
,,,,,,,,,,,,,,,,,,,,,,,,
,,,,,,,,,,,,,,,,,,,,,,,,
,,,,,,,,,,,,,,,,,,,,,,,,
,,,,,,,,,,,,,,,,,,,,,,,,
,,,,,,,,,,,,,,,,,,,,,,,,
,,,,,,,,,,,,,,,,,,,,,,,,
,,,,,,,,,,,,,,,,,,,,,,,,
,,,,,,,,,,,,,,,,,,,,,,,,
,,,,,,,,,,,,,,,,,,,,,,,,
,,,,,,,,,,,,,,,,,,,,,,,,
,,,,,,,,,,,,,,,,,,,,,,,,
,,,,,,,,,,,,,,,,,,,,,,,,
,,,,,,,,,,,,,,,,,,,,,,,,
,,,,,,,,,,,,,,,,,,,,,,,,
,,,,,,,,,,,,,,,,,,,,,,,,
,,,,,,,,,,,,,,,,,,,,,,,,
,,,,,,,,,,,,,,,,,,,,,,,,
,,,,,,,,,,,,,,,,,,,,,,,,
,,,,,,,,,,,,,,,,,,,,,,,,
,,,,,,,,,,,,,,,,,,,,,,,,
,,,,,,,,,,,,,,,,,,,,,,,,
,,,,,,,,,,,,,,,,,,,,,,,,
,,,,,,,,,,,,,,,,,,,,,,,,
,,,,,,,,,,,,,,,,,,,,,,,,
,,,,,,,,,,,,,,,,,,,,,,,,
,,,,,,,,,,,,,,,,,,,,,,,,
,,,,,,,,,,,,,,,,,,,,,,,,
,,,,,,,,,,,,,,,,,,,,,,,,
,,,,,,,,,,,,,,,,,,,,,,,,
,,,,,,,,,,,,,,,,,,,,,,,,
,,,,,,,,,,,,,,,,,,,,,,,,
,,,,,,,,,,,,,,,,,,,,,,,,
,,,,,,,,,,,,,,,,,,,,,,,,
,,,,,,,,,,,,,,,,,,,,,,,,
,,,,,,,,,,,,,,,,,,,,,,,,
,,,,,,,,,,,,,,,,,,,,,,,,
,,,,,,,,,,,,,,,,,,,,,,,,
,,,,,,,,,,,,,,,,,,,,,,,,
,,,,,,,,,,,,,,,,,,,,,,,,
,,,,,,,,,,,,,,,,,,,,,,,,
,,,,,,,,,,,,,,,,,,,,,,,,
,,,,,,,,,,,,,,,,,,,,,,,,
,,,,,,,,,,,,,,,,,,,,,,,,
,,,,,,,,,,,,,,,,,,,,,,,,
,,,,,,,,,,,,,,,,,,,,,,,,
,,,,,,,,,,,,,,,,,,,,,,,,
,,,,,,,,,,,,,,,,,,,,,,,,
,,,,,,,,,,,,,,,,,,,,,,,,
,,,,,,,,,,,,,,,,,,,,,,,,
,,,,,,,,,,,,,,,,,,,,,,,,
,,,,,,,,,,,,,,,,,,,,,,,,
,,,,,,,,,,,,,,,,,,,,,,,,
,,,,,,,,,,,,,,,,,,,,,,,,
,,,,,,,,,,,,,,,,,,,,,,,,
,,,,,,,,,,,,,,,,,,,,,,,,
,,,,,,,,,,,,,,,,,,,,,,,,
,,,,,,,,,,,,,,,,,,,,,,,,
,,,,,,,,,,,,,,,,,,,,,,,,
,,,,,,,,,,,,,,,,,,,,,,,,
,,,,,,,,,,,,,,,,,,,,,,,,
,,,,,,,,,,,,,,,,,,,,,,,,
,,,,,,,,,,,,,,,,,,,,,,,,
,,,,,,,,,,,,,,,,,,,,,,,,
,,,,,,,,,,,,,,,,,,,,,,,,
,,,,,,,,,,,,,,,,,,,,,,,,
,,,,,,,,,,,,,,,,,,,,,,,,
,,,,,,,,,,,,,,,,,,,,,,,,
,,,,,,,,,,,,,,,,,,,,,,,,
,,,,,,,,,,,,,,,,,,,,,,,,
,,,,,,,,,,,,,,,,,,,,,,,,
,,,,,,,,,,,,,,,,,,,,,,,,
,,,,,,,,,,,,,,,,,,,,,,,,
,,,,,,,,,,,,,,,,,,,,,,,,
,,,,,,,,,,,,,,,,,,,,,,,,
,,,,,,,,,,,,,,,,,,,,,,,,
,,,,,,,,,,,,,,,,,,,,,,,,
,,,,,,,,,,,,,,,,,,,,,,,,
,,,,,,,,,,,,,,,,,,,,,,,,
,,,,,,,,,,,,,,,,,,,,,,,,
,,,,,,,,,,,,,,,,,,,,,,,,
,,,,,,,,,,,,,,,,,,,,,,,,
,,,,,,,,,,,,,,,,,,,,,,,,
,,,,,,,,,,,,,,,,,,,,,,,,
,,,,,,,,,,,,,,,,,,,,,,,,
,,,,,,,,,,,,,,,,,,,,,,,,
,,,,,,,,,,,,,,,,,,,,,,,,
,,,,,,,,,,,,,,,,,,,,,,,,
,,,,,,,,,,,,,,,,,,,,,,,,
,,,,,,,,,,,,,,,,,,,,,,,,
,,,,,,,,,,,,,,,,,,,,,,,,
,,,,,,,,,,,,,,,,,,,,,,,,
,,,,,,,,,,,,,,,,,,,,,,,,
,,,,,,,,,,,,,,,,,,,,,,,,
,,,,,,,,,,,,,,,,,,,,,,,,
,,,,,,,,,,,,,,,,,,,,,,,,
,,,,,,,,,,,,,,,,,,,,,,,,
,,,,,,,,,,,,,,,,,,,,,,,,
,,,,,,,,,,,,,,,,,,,,,,,,
,,,,,,,,,,,,,,,,,,,,,,,,
,,,,,,,,,,,,,,,,,,,,,,,,
,,,,,,,,,,,,,,,,,,,,,,,,
,,,,,,,,,,,,,,,,,,,,,,,,
,,,,,,,,,,,,,,,,,,,,,,,,
,,,,,,,,,,,,,,,,,,,,,,,,
,,,,,,,,,,,,,,,,,,,,,,,,
,,,,,,,,,,,,,,,,,,,,,,,,
,,,,,,,,,,,,,,,,,,,,,,,,
,,,,,,,,,,,,,,,,,,,,,,,,
,,,,,,,,,,,,,,,,,,,,,,,,
,,,,,,,,,,,,,,,,,,,,,,,,
,,,,,,,,,,,,,,,,,,,,,,,,
,,,,,,,,,,,,,,,,,,,,,,,,
,,,,,,,,,,,,,,,,,,,,,,,,
,,,,,,,,,,,,,,,,,,,,,,,,
,,,,,,,,,,,,,,,,,,,,,,,,
,,,,,,,,,,,,,,,,,,,,,,,,
,,,,,,,,,,,,,,,,,,,,,,,,
,,,,,,,,,,,,,,,,,,,,,,,,
,,,,,,,,,,,,,,,,,,,,,,,,
,,,,,,,,,,,,,,,,,,,,,,,,
,,,,,,,,,,,,,,,,,,,,,,,,
,,,,,,,,,,,,,,,,,,,,,,,,
,,,,,,,,,,,,,,,,,,,,,,,,
,,,,,,,,,,,,,,,,,,,,,,,,
,,,,,,,,,,,,,,,,,,,,,,,,
,,,,,,,,,,,,,,,,,,,,,,,,
,,,,,,,,,,,,,,,,,,,,,,,,
,,,,,,,,,,,,,,,,,,,,,,,,
,,,,,,,,,,,,,,,,,,,,,,,,
,,,,,,,,,,,,,,,,,,,,,,,,
,,,,,,,,,,,,,,,,,,,,,,,,
,,,,,,,,,,,,,,,,,,,,,,,,
,,,,,,,,,,,,,,,,,,,,,,,,
,,,,,,,,,,,,,,,,,,,,,,,,
,,,,,,,,,,,,,,,,,,,,,,,,
,,,,,,,,,,,,,,,,,,,,,,,,
,,,,,,,,,,,,,,,,,,,,,,,,
,,,,,,,,,,,,,,,,,,,,,,,,
,,,,,,,,,,,,,,,,,,,,,,,,
,,,,,,,,,,,,,,,,,,,,,,,,
,,,,,,,,,,,,,,,,,,,,,,,,
,,,,,,,,,,,,,,,,,,,,,,,,
,,,,,,,,,,,,,,,,,,,,,,,,
,,,,,,,,,,,,,,,,,,,,,,,,
,,,,,,,,,,,,,,,,,,,,,,,,
,,,,,,,,,,,,,,,,,,,,,,,,
,,,,,,,,,,,,,,,,,,,,,,,,
,,,,,,,,,,,,,,,,,,,,,,,,
,,,,,,,,,,,,,,,,,,,,,,,,
,,,,,,,,,,,,,,,,,,,,,,,,
,,,,,,,,,,,,,,,,,,,,,,,,
,,,,,,,,,,,,,,,,,,,,,,,,
,,,,,,,,,,,,,,,,,,,,,,,,
,,,,,,,,,,,,,,,,,,,,,,,,
,,,,,,,,,,,,,,,,,,,,,,,,
,,,,,,,,,,,,,,,,,,,,,,,,
,,,,,,,,,,,,,,,,,,,,,,,,
,,,,,,,,,,,,,,,,,,,,,,,,
,,,,,,,,,,,,,,,,,,,,,,,,
,,,,,,,,,,,,,,,,,,,,,,,,
,,,,,,,,,,,,,,,,,,,,,,,,
,,,,,,,,,,,,,,,,,,,,,,,,
,,,,,,,,,,,,,,,,,,,,,,,,
,,,,,,,,,,,,,,,,,,,,,,,,
,,,,,,,,,,,,,,,,,,,,,,,,
,,,,,,,,,,,,,,,,,,,,,,,,
,,,,,,,,,,,,,,,,,,,,,,,,
,,,,,,,,,,,,,,,,,,,,,,,,
,,,,,,,,,,,,,,,,,,,,,,,,
,,,,,,,,,,,,,,,,,,,,,,,,
,,,,,,,,,,,,,,,,,,,,,,,,
,,,,,,,,,,,,,,,,,,,,,,,,
,,,,,,,,,,,,,,,,,,,,,,,,
,,,,,,,,,,,,,,,,,,,,,,,,
,,,,,,,,,,,,,,,,,,,,,,,,
,,,,,,,,,,,,,,,,,,,,,,,,
,,,,,,,,,,,,,,,,,,,,,,,,
,,,,,,,,,,,,,,,,,,,,,,,,
,,,,,,,,,,,,,,,,,,,,,,,,
,,,,,,,,,,,,,,,,,,,,,,,,
,,,,,,,,,,,,,,,,,,,,,,,,
,,,,,,,,,,,,,,,,,,,,,,,,
,,,,,,,,,,,,,,,,,,,,,,,,
,,,,,,,,,,,,,,,,,,,,,,,,
,,,,,,,,,,,,,,,,,,,,,,,,
,,,,,,,,,,,,,,,,,,,,,,,,
,,,,,,,,,,,,,,,,,,,,,,,,
,,,,,,,,,,,,,,,,,,,,,,,,
,,,,,,,,,,,,,,,,,,,,,,,,
,,,,,,,,,,,,,,,,,,,,,,,,
,,,,,,,,,,,,,,,,,,,,,,,,
,,,,,,,,,,,,,,,,,,,,,,,,
,,,,,,,,,,,,,,,,,,,,,,,,
,,,,,,,,,,,,,,,,,,,,,,,,
,,,,,,,,,,,,,,,,,,,,,,,,
,,,,,,,,,,,,,,,,,,,,,,,,
,,,,,,,,,,,,,,,,,,,,,,,,
,,,,,,,,,,,,,,,,,,,,,,,,
,,,,,,,,,,,,,,,,,,,,,,,,
,,,,,,,,,,,,,,,,,,,,,,,,
,,,,,,,,,,,,,,,,,,,,,,,,
,,,,,,,,,,,,,,,,,,,,,,,,
,,,,,,,,,,,,,,,,,,,,,,,,
,,,,,,,,,,,,,,,,,,,,,,,,
,,,,,,,,,,,,,,,,,,,,,,,,
,,,,,,,,,,,,,,,,,,,,,,,,
,,,,,,,,,,,,,,,,,,,,,,,,
,,,,,,,,,,,,,,,,,,,,,,,,
,,,,,,,,,,,,,,,,,,,,,,,,
,,,,,,,,,,,,,,,,,,,,,,,,
,,,,,,,,,,,,,,,,,,,,,,,,
,,,,,,,,,,,,,,,,,,,,,,,,
,,,,,,,,,,,,,,,,,,,,,,,,
,,,,,,,,,,,,,,,,,,,,,,,,
,,,,,,,,,,,,,,,,,,,,,,,,
,,,,,,,,,,,,,,,,,,,,,,,,
,,,,,,,,,,,,,,,,,,,,,,,,
,,,,,,,,,,,,,,,,,,,,,,,,
,,,,,,,,,,,,,,,,,,,,,,,,
,,,,,,,,,,,,,,,,,,,,,,,,
,,,,,,,,,,,,,,,,,,,,,,,,
,,,,,,,,,,,,,,,,,,,,,,,,
,,,,,,,,,,,,,,,,,,,,,,,,
,,,,,,,,,,,,,,,,,,,,,,,,
,,,,,,,,,,,,,,,,,,,,,,,,
,,,,,,,,,,,,,,,,,,,,,,,,
,,,,,,,,,,,,,,,,,,,,,,,,
,,,,,,,,,,,,,,,,,,,,,,,,
,,,,,,,,,,,,,,,,,,,,,,,,
,,,,,,,,,,,,,,,,,,,,,,,,
,,,,,,,,,,,,,,,,,,,,,,,,
,,,,,,,,,,,,,,,,,,,,,,,,
,,,,,,,,,,,,,,,,,,,,,,,,
,,,,,,,,,,,,,,,,,,,,,,,,
,,,,,,,,,,,,,,,,,,,,,,,,
,,,,,,,,,,,,,,,,,,,,,,,,
,,,,,,,,,,,,,,,,,,,,,,,,
,,,,,,,,,,,,,,,,,,,,,,,,
,,,,,,,,,,,,,,,,,,,,,,,,
,,,,,,,,,,,,,,,,,,,,,,,,
,,,,,,,,,,,,,,,,,,,,,,,,
,,,,,,,,,,,,,,,,,,,,,,,,
,,,,,,,,,,,,,,,,,,,,,,,,
,,,,,,,,,,,,,,,,,,,,,,,,
,,,,,,,,,,,,,,,,,,,,,,,,
,,,,,,,,,,,,,,,,,,,,,,,,
,,,,,,,,,,,,,,,,,,,,,,,,
,,,,,,,,,,,,,,,,,,,,,,,,
,,,,,,,,,,,,,,,,,,,,,,,,
,,,,,,,,,,,,,,,,,,,,,,,,
,,,,,,,,,,,,,,,,,,,,,,,,
,,,,,,,,,,,,,,,,,,,,,,,,
,,,,,,,,,,,,,,,,,,,,,,,,
,,,,,,,,,,,,,,,,,,,,,,,,
,,,,,,,,,,,,,,,,,,,,,,,,
,,,,,,,,,,,,,,,,,,,,,,,,
,,,,,,,,,,,,,,,,,,,,,,,,
,,,,,,,,,,,,,,,,,,,,,,,,
,,,,,,,,,,,,,,,,,,,,,,,,
,,,,,,,,,,,,,,,,,,,,,,,,
,,,,,,,,,,,,,,,,,,,,,,,,
,,,,,,,,,,,,,,,,,,,,,,,,
,,,,,,,,,,,,,,,,,,,,,,,,
,,,,,,,,,,,,,,,,,,,,,,,,
,,,,,,,,,,,,,,,,,,,,,,,,
,,,,,,,,,,,,,,,,,,,,,,,,
,,,,,,,,,,,,,,,,,,,,,,,,
,,,,,,,,,,,,,,,,,,,,,,,,
,,,,,,,,,,,,,,,,,,,,,,,,
,,,,,,,,,,,,,,,,,,,,,,,,
,,,,,,,,,,,,,,,,,,,,,,,,
,,,,,,,,,,,,,,,,,,,,,,,,
,,,,,,,,,,,,,,,,,,,,,,,,
,,,,,,,,,,,,,,,,,,,,,,,,
,,,,,,,,,,,,,,,,,,,,,,,,
,,,,,,,,,,,,,,,,,,,,,,,,
,,,,,,,,,,,,,,,,,,,,,,,,
,,,,,,,,,,,,,,,,,,,,,,,,
,,,,,,,,,,,,,,,,,,,,,,,,
,,,,,,,,,,,,,,,,,,,,,,,,
,,,,,,,,,,,,,,,,,,,,,,,,
,,,,,,,,,,,,,,,,,,,,,,,,
,,,,,,,,,,,,,,,,,,,,,,,,
,,,,,,,,,,,,,,,,,,,,,,,,
,,,,,,,,,,,,,,,,,,,,,,,,
,,,,,,,,,,,,,,,,,,,,,,,,
,,,,,,,,,,,,,,,,,,,,,,,,
,,,,,,,,,,,,,,,,,,,,,,,,
,,,,,,,,,,,,,,,,,,,,,,,,
,,,,,,,,,,,,,,,,,,,,,,,,
,,,,,,,,,,,,,,,,,,,,,,,,
,,,,,,,,,,,,,,,,,,,,,,,,
,,,,,,,,,,,,,,,,,,,,,,,,
,,,,,,,,,,,,,,,,,,,,,,,,
,,,,,,,,,,,,,,,,,,,,,,,,
,,,,,,,,,,,,,,,,,,,,,,,,
,,,,,,,,,,,,,,,,,,,,,,,,
,,,,,,,,,,,,,,,,,,,,,,,,
,,,,,,,,,,,,,,,,,,,,,,,,
,,,,,,,,,,,,,,,,,,,,,,,,
,,,,,,,,,,,,,,,,,,,,,,,,
,,,,,,,,,,,,,,,,,,,,,,,,
,,,,,,,,,,,,,,,,,,,,,,,,
,,,,,,,,,,,,,,,,,,,,,,,,
,,,,,,,,,,,,,,,,,,,,,,,,
,,,,,,,,,,,,,,,,,,,,,,,,
,,,,,,,,,,,,,,,,,,,,,,,,
,,,,,,,,,,,,,,,,,,,,,,,,
,,,,,,,,,,,,,,,,,,,,,,,,
,,,,,,,,,,,,,,,,,,,,,,,,
,,,,,,,,,,,,,,,,,,,,,,,,
,,,,,,,,,,,,,,,,,,,,,,,,
,,,,,,,,,,,,,,,,,,,,,,,,
,,,,,,,,,,,,,,,,,,,,,,,,
,,,,,,,,,,,,,,,,,,,,,,,,
,,,,,,,,,,,,,,,,,,,,,,,,
,,,,,,,,,,,,,,,,,,,,,,,,
,,,,,,,,,,,,,,,,,,,,,,,,
,,,,,,,,,,,,,,,,,,,,,,,,
,,,,,,,,,,,,,,,,,,,,,,,,
,,,,,,,,,,,,,,,,,,,,,,,,
,,,,,,,,,,,,,,,,,,,,,,,,
,,,,,,,,,,,,,,,,,,,,,,,,
,,,,,,,,,,,,,,,,,,,,,,,,
,,,,,,,,,,,,,,,,,,,,,,,,
,,,,,,,,,,,,,,,,,,,,,,,,
,,,,,,,,,,,,,,,,,,,,,,,,
,,,,,,,,,,,,,,,,,,,,,,,,
,,,,,,,,,,,,,,,,,,,,,,,,
,,,,,,,,,,,,,,,,,,,,,,,,
,,,,,,,,,,,,,,,,,,,,,,,,
,,,,,,,,,,,,,,,,,,,,,,,,
,,,,,,,,,,,,,,,,,,,,,,,,
,,,,,,,,,,,,,,,,,,,,,,,,
,,,,,,,,,,,,,,,,,,,,,,,,
,,,,,,,,,,,,,,,,,,,,,,,,
,,,,,,,,,,,,,,,,,,,,,,,,
,,,,,,,,,,,,,,,,,,,,,,,,
,,,,,,,,,,,,,,,,,,,,,,,,
,,,,,,,,,,,,,,,,,,,,,,,,
,,,,,,,,,,,,,,,,,,,,,,,,
,,,,,,,,,,,,,,,,,,,,,,,,
,,,,,,,,,,,,,,,,,,,,,,,,
,,,,,,,,,,,,,,,,,,,,,,,,
,,,,,,,,,,,,,,,,,,,,,,,,
,,,,,,,,,,,,,,,,,,,,,,,,
,,,,,,,,,,,,,,,,,,,,,,,,
,,,,,,,,,,,,,,,,,,,,,,,,
,,,,,,,,,,,,,,,,,,,,,,,,
,,,,,,,,,,,,,,,,,,,,,,,,
,,,,,,,,,,,,,,,,,,,,,,,,
,,,,,,,,,,,,,,,,,,,,,,,,
,,,,,,,,,,,,,,,,,,,,,,,,
,,,,,,,,,,,,,,,,,,,,,,,,
,,,,,,,,,,,,,,,,,,,,,,,,
,,,,,,,,,,,,,,,,,,,,,,,,
,,,,,,,,,,,,,,,,,,,,,,,,
,,,,,,,,,,,,,,,,,,,,,,,,
,,,,,,,,,,,,,,,,,,,,,,,,
,,,,,,,,,,,,,,,,,,,,,,,,
,,,,,,,,,,,,,,,,,,,,,,,,
,,,,,,,,,,,,,,,,,,,,,,,,
,,,,,,,,,,,,,,,,,,,,,,,,
,,,,,,,,,,,,,,,,,,,,,,,,
,,,,,,,,,,,,,,,,,,,,,,,,
,,,,,,,,,,,,,,,,,,,,,,,,
,,,,,,,,,,,,,,,,,,,,,,,,
,,,,,,,,,,,,,,,,,,,,,,,,
,,,,,,,,,,,,,,,,,,,,,,,,
,,,,,,,,,,,,,,,,,,,,,,,,
,,,,,,,,,,,,,,,,,,,,,,,,
,,,,,,,,,,,,,,,,,,,,,,,,
,,,,,,,,,,,,,,,,,,,,,,,,
,,,,,,,,,,,,,,,,,,,,,,,,
,,,,,,,,,,,,,,,,,,,,,,,,
,,,,,,,,,,,,,,,,,,,,,,,,
,,,,,,,,,,,,,,,,,,,,,,,,
,,,,,,,,,,,,,,,,,,,,,,,,
,,,,,,,,,,,,,,,,,,,,,,,,
,,,,,,,,,,,,,,,,,,,,,,,,
,,,,,,,,,,,,,,,,,,,,,,,,
,,,,,,,,,,,,,,,,,,,,,,,,
,,,,,,,,,,,,,,,,,,,,,,,,
,,,,,,,,,,,,,,,,,,,,,,,,
,,,,,,,,,,,,,,,,,,,,,,,,
,,,,,,,,,,,,,,,,,,,,,,,,
,,,,,,,,,,,,,,,,,,,,,,,,
,,,,,,,,,,,,,,,,,,,,,,,,
,,,,,,,,,,,,,,,,,,,,,,,,
